Date,Symbol,Type,Headline,Sentiment,Value_Cr,Details,Description,Source
2026-01-13 23:50:51,RAILTEL,Official Filing,General Updates,Positive,0.0,general updates railtel corporation of india limited has informed the exchange about cancellation of an order,,
2026-01-13 20:51:23,FSL,Official Filing,Acquisition,Neutral,0.0,acquisition firstsource solutions limited has informed the exchange about acquisition,,
2026-01-13 20:30:08,INTERARCH,Official Filing,Bagging/Receiving of orders/contracts,Positive,0.0,bagging/receiving of orders/contracts interarch building solutions limited has informed the exchange about bagging/receiving of orders/contracts,,
2026-01-13 20:21:36,PAYTM,Official Filing,Acquisition,Neutral,0.0,"acquisition one 97 communications limited has informed the exchange about disclosure under regulation 30 of the sebi (listing obligations and disclosure requirements) regulations, 2015- updates on acquisition",,
2026-01-13 20:07:00,REGAAL,Official Filing,Action(s) initiated or orders passed,Positive,0.0,action(s) initiated or orders passed regaal resources limited has informed the exchange about action(s) initiated or orders passed,,
2026-01-13 19:02:45,MWL,Official Filing,Action(s) initiated or orders passed,Positive,0.0,"action(s) initiated or orders passed mangalam worldwide limited has informed the stock exchange about a favourable order passed in favour of the company, whereby the order passed by the assistant commissioner of central goods and services tax has been set aside.",,
2026-01-13 19:00:57,TRANSWORLD,Official Filing,Action(s) initiated or orders passed,Positive,0.0,action(s) initiated or orders passed transworld shipping lines limited has informed the exchange about action(s) initiated or orders passed,,
2026-01-13 18:40:30,SARLAPOLY,Official Filing,Action(s) taken or orders passed,Positive,0.0,"action(s) taken or orders passed sarla performance fibers limited has informed the exchange about disclosure under regulation 30 of sebi (listing obligations and disclosure requirements) regulations, 2015 - receipt of rectification order under section 154 of the income-tax act, 1961 along with a notice of demand u/s 156",,
2026-01-13 17:46:53,CHEVIOT,Official Filing,General Updates,Neutral,0.0,general updates cheviot company limited has informed the exchange about acquisition of shares.,,
2026-01-13 17:41:43,CHEMPLASTS,Official Filing,Spurt in Volume,Positive,0.0,"spurt in volume significant increase in volume has been observed in chemplast sanmar limited. the exchange, in order to ensure that investors have latest relevant information about the company and to inform the market place so that the interest of the investors is safeguarded, has written to the company. the response from the company is awaited.",,
2026-01-13 17:41:35,ITI,Official Filing,Spurt in Volume,Positive,0.0,"spurt in volume significant increase in volume has been observed in iti limited. the exchange, in order to ensure that investors have latest relevant information about the company and to inform the market place so that the interest of the investors is safeguarded, has written to the company. the response from the company is awaited.",,
2026-01-13 17:31:54,AUSOMENT,Official Filing,Price movement,Positive,0.0,"price movement significant movement in price has been observed in ausom enterprise limited. the exchange, in order to ensure that investors have latest relevant information about the company and to inform the market place so that the interest of the investors is safeguarded, has written to the company. the response from the company is awaited.",,
2026-01-13 17:31:40,SGLTL,Official Filing,Action(s) initiated or orders passed,Positive,0.0,action(s) initiated or orders passed standard glass lining technology limited has informed the exchange about receipt of assessment order,,
2026-01-13 16:33:10,HCL-INSYS,Official Filing,Pendency of Litigation(s)/dispute(s) or the outcome impacting the Company,Positive,0.0,"pendency of litigation(s)/dispute(s) or the outcome impacting the company hcl infosystems limited is hereby informing the exchange about the order received by its wholly owned subsidiary, i.e. hcl infotech limited.",,
2026-01-13 16:22:08,ALKEM,Official Filing,Action(s) initiated or orders passed,Positive,0.0,action(s) initiated or orders passed alkem laboratories limited has informed the exchange about action(s) initiated or orders passed,,
2026-01-13 16:20:46,KSL,Official Filing,General Updates,Neutral,0.0,general updates regulation 30 of sebi lodr-update regarding acquisition of subsidiary shares,,
2026-01-13 16:20:13,INTENTECH,Official Filing,Press Release,Neutral,34.0,"press release intense technologies limited has informed the exchange regarding a press release dated january 13, 2026, titled ""intense technologies closes q3 fy26 with &#8377;34 cr revenue and strong client traction"".",,
2026-01-13 16:20:11,SCHAEFFLER,Official Filing,Disclosure under SEBI Takeover Regulations,Neutral,0.0,"disclosure under sebi takeover regulations schaeffler schweinfurt beteiligungs cmbh has submitted to the exchange a copy of disclosure under regulation 31(4) of the securities and exchange board of india (substantial acquisition of shares and takeovers) regulations, 2011.",,
2026-01-13 14:53:04,IFCI,Official Filing,Spurt in Volume,Positive,0.0,"spurt in volume significant increase in volume has been observed in ifci limited. the exchange, in order to ensure that investors have latest relevant information about the company and to inform the market place so that the interest of the investors is safeguarded, had written to the company. ifci limited has submitted their response.",,
2026-01-13 14:39:06,MUFTI,Official Filing,"Certificate under SEBI (Depositories and Participants) Regulations, 2018",Neutral,2018.0,"certificate under sebi (depositories and participants) regulations, 2018 credo brands marketing limited has informed the exchange about certificate under sebi (depositories and participants) regulations, 2018",,
2026-01-13 14:24:52,VENTIVE,Official Filing,Acquisition,Neutral,0.0,acquisition ventive hospitality limited has informed the exchange about acquisition,,
2026-01-13 12:30:02,MOL,Official Filing,Acquisition,Neutral,0.0,acquisition meghmani organics limited has informed the exchange about execution of share subscription and shareholders agreement for supply of renewable power.,,
2026-01-13 11:25:26,ABINFRA,Official Filing,Awarding of order(s)/contract(s),Positive,0.0,awarding of order(s)/contract(s) a b infrabuild limited has informed the exchange about awarding of order(s)/contract(s),,
2026-01-13 10:52:50,OMAXE,Official Filing,Press Release,Neutral,500.0,"press release omaxe limited has informed the exchange regarding a press release dated january 13, 2026, titled: ""omaxe invests rs. 500 crore in ludhiana to launch mixed-use omaxe chowk project"".",,
2026-01-13 10:44:09,PURVA,Official Filing,Bagging/Receiving of orders/contracts,Positive,0.0,bagging/receiving of orders/contracts puravankara limited has informed the exchange about receiving of letter of intent by starworth infrastructure & construction limited,,
2026-01-13 09:43:10,EIFFL,Official Filing,Spurt in Volume,Positive,0.0,"spurt in volume significant increase in volume has been observed in euro india fresh foods limited. the exchange, in order to ensure that investors have latest relevant information about the company and to inform the market place so that the interest of the investors is safeguarded, had written to the company. euro india fresh foods limited has submitted their response.",,
2026-01-13 09:34:50,LT,Official Filing,Bagging/Receiving of orders/contracts,Positive,0.0,bagging/receiving of orders/contracts larsen & toubro limited has informed the exchange about bagging/receiving of orders/contracts,,
2026-01-13 09:34:00,WABAG,Official Filing,Bagging/Receiving of orders/contracts,Positive,0.0,bagging/receiving of orders/contracts bagging/receiving of orders/contracts - wabag secures a large order from bpcl towards industrial water treatment facilities,,
2026-01-13 09:33:43,MBEL,Official Filing,Bagging/Receiving of orders/contracts,Positive,0.0,bagging/receiving of orders/contracts m & b engineering limited has informed the exchange about bagging/receiving of orders/contracts,,
2026-01-13 08:30:08,WABAG,Official Filing,Awarding of order(s)/contract(s),Positive,0.0,awarding of order(s)/contract(s) wabag secures a large order from bpcl towards industrial water treatment facilities,,
2026-01-12 20:59:47,RMDRIP,Official Filing,General Updates,Neutral,0.0,general updates r m drip and sprinklers systems limited has informed the exchange about proposed acquisition of brahmanand pipes private limited,,
2026-01-12 20:04:50,BHARTIARTL,Official Filing,Action(s) taken or orders passed,Positive,0.0,action(s) taken or orders passed bharti airtel limited has informed the exchange about action(s) taken or orders passed,,
2026-01-12 19:57:55,KPIGREEN,Official Filing,Press Release,Neutral,4000.0,"press release kpi green energy limited has informed the exchange regarding a press release dated january 12, 2026, titled ""kp group signs mou with government of gujarat for development of renewable energy projects worth inr 4000 cr"".",,
2026-01-12 19:44:31,KPEL,Official Filing,Press Release,Neutral,4000.0,"press release k.p. energy limited has informed the exchange regarding a press release dated january 12, 2026, titled ""kp group signs mou with government of gujarat for development of renewable energy projects worth inr 4000 cr"".",,
2026-01-12 19:27:50,SICALLOG,Official Filing,Bagging/Receiving of orders/contracts,Positive,0.0,bagging/receiving of orders/contracts sical logistics limited has informed the exchange about receiving of contract,,
2026-01-12 19:27:37,REGAAL,Official Filing,Action(s) initiated or orders passed,Positive,0.0,action(s) initiated or orders passed regaal resources limited has informed the exchange about action(s) initiated or orders passed,,
2026-01-12 18:31:53,CRIZAC,Official Filing,"Certificate under SEBI (Depositories and Participants) Regulations, 2018",Neutral,2018.0,"certificate under sebi (depositories and participants) regulations, 2018 crizac limited has informed the exchange about certificate under sebi (depositories and participants) regulations, 2018",,
2026-01-12 18:26:39,IFCI,Official Filing,Spurt in Volume,Positive,0.0,"spurt in volume significant increase in volume has been observed in ifci limited. the exchange, in order to ensure that investors have latest relevant information about the company and to inform the market place so that the interest of the investors is safeguarded, has written to the company. the response from the company is awaited.",,
2026-01-12 18:26:28,EIFFL,Official Filing,Spurt in Volume,Positive,0.0,"spurt in volume significant increase in volume has been observed in euro india fresh foods limited. the exchange, in order to ensure that investors have latest relevant information about the company and to inform the market place so that the interest of the investors is safeguarded, has written to the company. the response from the company is awaited.",,
2026-01-12 18:25:27,GRPLTD,Official Filing,Acquisition,Neutral,0.0,acquisition grp limited has informed the exchange about acquisition,,
2026-01-12 18:10:54,ANSALAPI,Official Filing,Corporate Insolvency Resolution Process,Positive,0.0,"corporate insolvency resolution process the company has informed the stock exchanges about the hon'ble nclat order dated the 07th january, 2026.",,
2026-01-12 17:51:37,KRYSTAL,Official Filing,Press Release,Neutral,275.0,"press release krystal integrated services limited has informed the exchange regarding a press release dated january 12, 2026, titled ""krystal integrated services secures multiple municipal sanitation contracts worth approx. 275 crores across vasai virar"".",,
2026-01-12 16:32:34,SOLEX,Official Filing,Bagging/Receiving of orders/contracts,Positive,0.0,"bagging/receiving of orders/contracts solex energy limited has informed the exchange about revision in the earlier intimation dated january 12, 2026 for bagging/receiving of orders/contracts",,
2026-01-12 16:18:41,TAJGVK,Official Filing,Action(s) initiated or orders passed,Positive,0.0,action(s) initiated or orders passed taj gvk hotels & resorts limited has informed the exchange about action(s) initiated or orders passed,,
2026-01-12 16:15:40,SRM,Official Filing,"Certificate under SEBI (Depositories and Participants) Regulations, 2018",Neutral,0.0,"certificate under sebi (depositories and participants) regulations, 2018 srm contractors limited has informed the exchange about certificate under sebi (depositories and participants) regulations, 2018",,
2026-01-12 15:55:52,TCS,Official Filing,Press Release,Positive,0.0,"press release tata consultancy services limited has informed the exchange regarding a press release dated january 12, 2026, titled ""ai-led growth and strong order book highlight tcs  q3"".",,
2026-01-12 15:48:46,ASIANPAINT,Official Filing,Disclosure under SEBI Takeover Regulations,Neutral,0.0,"disclosure under sebi takeover regulations shailesh chimanlal choksi huf-karta jigish shailesh choksi has submitted to the exchange a copy of disclosures under regulation 10(6)-report to stock exchange in respect of any acquisition made in reliance upon exemption provided for in regulation 10 of sebi (sast) regulations, 2011.",,
2026-01-12 15:05:38,JTLIND,Official Filing,Bagging/Receiving of orders/contracts,Positive,0.0,bagging/receiving of orders/contracts jtl industries limited has informed the exchange about bagging/receiving of orders/contracts,,
2026-01-12 15:03:46,MAPMYINDIA,Official Filing,General Updates,Neutral,0.0,general updates c.e. info systems limited has informed the exchange about acquisition of 3500 ccps in iwayplus private limited,,
2026-01-12 14:56:19,SOLEX,Official Filing,Bagging/Receiving of orders/contracts,Positive,0.0,bagging/receiving of orders/contracts solex energy limited has informed the exchange about bagging/receiving of orders/contracts,,
2026-01-12 14:52:57,AARTIPHARM,Official Filing,Spurt in Volume,Positive,0.0,"spurt in volume significant increase in volume has been observed in aarti pharmalabs limited. the exchange, in order to ensure that investors have latest relevant information about the company and to inform the market place so that the interest of the investors is safeguarded, had written to the company. aarti pharmalabs limited has submitted their response.",,
2026-01-12 14:49:26,LT,Official Filing,Updates,Neutral,0.0,updates larsen & toubro limited has informed the exchange regarding 'acquisition of stake held by jv partner in l&t sapura shipping private limited'.,,
2026-01-12 14:12:26,SESHAPAPER,Official Filing,General Updates,Positive,0.0,"general updates seshasayee paper and boards limited has informed the exchange about general updates- the company had filed an appeal with commissioner (appeals) and the commissioner (appeals) vide his latest order had ruled the case, materially in favour of the company with a reduced demand of rs 16.00 lakhs with applicable interest and penalty of rs 1.06 lakhs.  the order is yet to be uploaded in the gst portal by the office of commissioner (appeals) due to technical challenges. this declaratio",,
2026-01-12 13:21:04,HARDWYN,Official Filing,Spurt in Volume,Positive,0.0,"spurt in volume significant increase in volume has been observed in hardwyn india limited. the exchange, in order to ensure that investors have latest relevant information about the company and to inform the market place so that the interest of the investors is safeguarded, had written to the company. hardwyn india limited has submitted their response.",,
2026-01-12 12:21:49,KRYSTAL,Official Filing,Bagging/Receiving of orders/contracts,Positive,0.0,bagging/receiving of orders/contracts krystal integrated services limited has informed the exchange about bagging/receiving of orders/contracts,,
2026-01-12 12:19:22,KRYSTAL,Official Filing,Bagging/Receiving of orders/contracts,Positive,0.0,bagging/receiving of orders/contracts krystal integrated services limited has informed the exchange about bagging/receiving of orders/contracts,,
2026-01-12 12:16:25,KRYSTAL,Official Filing,Bagging/Receiving of orders/contracts,Positive,0.0,bagging/receiving of orders/contracts krystal integrated services limited has informed the exchange about bagging/receiving of orders/contracts,,
2026-01-12 11:32:35,SHAKTIPUMP,Official Filing,General Updates,Positive,0.0,general updates shakti pumps (india) limited has informed the exchange about press release on maiden order received from karnataka under the pm kusum b scheme.,,
2026-01-12 11:13:04,SHAKTIPUMP,Official Filing,General Updates,Positive,0.0,general updates shakti pumps (india) limited has informed the exchange about press release regarding maiden order received from karnataka under the pm kusum b scheme.,,
2026-01-12 10:47:59,MANINDS,Official Filing,Press Release,Positive,550.0,"press release man industries (india) limited has informed the exchange regarding a press release dated january 12, 2026, titled "":  press release / media release in respect of new export orders worth rs.550 crores."".",,
2026-01-12 10:45:01,ASIANENE,Official Filing,Spurt in Volume,Positive,0.0,"spurt in volume significant increase in volume has been observed in asian energy services limited. the exchange, in order to ensure that investors have latest relevant information about the company and to inform the market place so that the interest of the investors is safeguarded, had written to the company. asian energy services limited has submitted their response.",,
2026-01-12 10:02:42,MARUTI,Official Filing,Capacity addition,Neutral,0.0,capacity addition maruti suzuki india limited has informed the exchange about board approval for land acquisition for capacity expansion,,
2026-01-12 09:58:23,YASHO,Official Filing,Spurt in Volume,Positive,0.0,"spurt in volume significant increase in volume has been observed in yasho industries limited. the exchange, in order to ensure that investors have latest relevant information about the company and to inform the market place so that the interest of the investors is safeguarded, had written to the company. yasho industries limited has submitted their response.",,
2026-01-12 09:47:51,AHLADA,Official Filing,Price movement,Positive,0.0,"price movement significant movement in price has been observed in ahlada engineers limited. the exchange, in order to ensure that investors have latest relevant information about the company and to inform the market place so that the interest of the investors is safeguarded, had written to the company. ahlada engineers limited has submitted their response.",,
2026-01-12 08:56:11,MANINDS,Official Filing,Bagging/Receiving of orders/contracts,Positive,0.0,bagging/receiving of orders/contracts man industries (india) limited has informed the exchange about bagging/receiving of orders/contracts,,
2026-01-12 08:35:43,SHAKTIPUMP,Official Filing,Bagging/Receiving of orders/contracts,Positive,654.03,"bagging/receiving of orders/contracts shakti pumps (india) limited has informed the exchange that company has received 1st letter of award from karnataka renewable energy development limited for 16780 standalone off- grid dc solar photovoltaic water pumping systems (spwps) pumps under component b of pm kusum scheme. the total value of the 16,780 pumps is around rs. 654.03 crores (inclusive of gst).",,
2026-01-11 12:37:17,RANEHOLDIN,Official Filing,Action(s) taken or orders passed,Positive,0.0,"action(s) taken or orders passed disclosure on order received by the wholly owned subsidiary company - rane steering systems private limited from income tax authority, chennai.",,
2026-01-11 10:20:31,BETA,Official Filing,General Updates,Neutral,0.0,general updates beta drugs limited has informed the exchange about submission of revised update -acquisition of 66.09% stake by beta drugs limited in nivian lifesciences private limited.,,
2026-01-10 22:01:50,SCHAND,Official Filing,Acquisition,Neutral,0.0,"acquisition s chand and company limited has informed the exchange about acquisition of 100% stake in cpd singapore education services pte. limited by new saraswati house (india) private limited, a wholly owned material subsidiary of the company",,
2026-01-10 20:39:01,PFC,Official Filing,Disclosure of material issue,Neutral,500.0,"disclosure of material issue power finance corporation limited has informed regarding disclosure of public issue by of secured, rated, listed, redeemable, non-convertible debentures of face value of rs. 1,000 each for an amount aggregating up to 500 crores",,
2026-01-10 18:45:36,BETA,Official Filing,General Updates,Neutral,0.0,general updates beta drugs limited has informed the exchange about the acquisition of 66.09% stake in nivian lifesciences private limited.,,
2026-01-10 16:18:10,PROTEAN,Official Filing,General Updates,Neutral,0.0,general updates protean egov technologies limited has informed the exchange about receipt of contract,,
2026-01-10 12:51:00,AMBIKCO,Official Filing,Action(s) initiated or orders passed,Positive,0.0,"action(s) initiated or orders passed ambika cotton mills limited has informed the exchange about action(s) initiated or orders passed -  intimation under regulation 30 of sebi (lodr) regulations, 2015",,
2026-01-10 11:08:38,KERNEX,Official Filing,Updates,Positive,0.0,updates kernex microsystems (india) limited has informed the exchange regarding 'update on clw order'.,,
2026-01-10 00:22:22,NIITMTS,Official Filing,Outcome of Board Meeting,Neutral,0.0,"outcome of board meeting please find intimation for acquisition by niit (usa) inc., a wholly owned subsidiary of the company by way of acquisition of 100% equity stake in sweetrush inc.",,
2026-01-10 00:20:52,NIITMTS,Official Filing,General Updates,Neutral,0.0,"general updates please find intimation for acquisition by niit (usa) inc., a wholly owned subsidiary of the company by way of acquisition of 100% equity stake in sweetrush inc.",,
2026-01-09 23:01:04,SAATVIKGL,Official Filing,Bagging/Receiving of orders/contracts,Positive,0.0,bagging/receiving of orders/contracts saatvik green energy limited has informed the exchange about bagging/receiving of orders/contracts,,
2026-01-09 21:19:47,MPSLTD,Official Filing,Spurt in Volume,Positive,0.0,"spurt in volume significant increase in volume has been observed in mps limited. the exchange, in order to ensure that investors have latest relevant information about the company and to inform the market place so that the interest of the investors is safeguarded, had written to the company. mps limited has submitted their response.",,
2026-01-09 21:00:22,SAATVIKGL,Official Filing,News Verification,Positive,0.0,news verification the exchange has sought clarification from saatvik green energy limited with respect to recent news item captioned saatvik green energy bags rs 29-cr solar epc order.  the response from the company is attached.,,
2026-01-09 20:55:03,AHLADA,Official Filing,Price movement,Positive,0.0,"price movement significant movement in price has been observed in ahlada engineers limited. the exchange, in order to ensure that investors have latest relevant information about the company and to inform the market place so that the interest of the investors is safeguarded, has written to the company. the response from the company is awaited.",,
2026-01-09 20:52:29,TATAPOWER,Official Filing,Acquisition,Neutral,0.0,"acquisition we wish to inform that the tata power company limited has signed the share purchase agreement ( spa ) and acquired 100% equity stake in jejuri hinjewadi power transmission limited (jhptl), a project special purpose vehicle( spv ).",,
2026-01-09 20:45:57,FORTIS,Official Filing,General Updates,Neutral,0.0,general updates fortis healthcare limited has informed the exchange about update on the acquisition of tmi healthcare limited,,
2026-01-09 19:52:47,PTCIL,Official Filing,Bagging/Receiving of orders/contracts,Positive,0.0,bagging/receiving of orders/contracts ptc industries limited has informed the exchange about bagging/receiving of orders/contracts,,
2026-01-09 19:07:17,MUTHOOTMF,Official Filing,Action(s) taken or orders passed,Positive,0.0,action(s) taken or orders passed muthoot microfin limited has informed the exchange about action(s) taken or orders passed,,
2026-01-09 18:54:29,UTLSOLAR,Official Filing,Action(s) taken or orders passed,Positive,0.0,"action(s) taken or orders passed fujiyama power systems limited has informed the exchange about an order received pursuant to regulation 30 of the sebi (listing obligations and disclosure requirements) regulations, 2015",,
2026-01-09 18:53:14,NTPC,Official Filing,Acquisition,Neutral,0.0,acquisition ntpc limited has informed the exchange about execution of shareholder agreement between maharashtra state power generation company limited and ntpc limited,,
2026-01-09 18:42:34,CREST,Official Filing,"Certificate under SEBI (Depositories and Participants) Regulations, 2018",Neutral,2018.0,"certificate under sebi (depositories and participants) regulations, 2018 crest ventures limited has informed the exchange about certificate under sebi (depositories and participants) regulations, 2018",,
2026-01-09 18:30:44,AARTIPHARM,Official Filing,Spurt in Volume,Positive,0.0,"spurt in volume significant increase in volume has been observed in aarti pharmalabs limited. the exchange, in order to ensure that investors have latest relevant information about the company and to inform the market place so that the interest of the investors is safeguarded, has written to the company. the response from the company is awaited.",,
2026-01-09 18:30:36,ASIANENE,Official Filing,Spurt in Volume,Positive,0.0,"spurt in volume significant increase in volume has been observed in asian energy services limited. the exchange, in order to ensure that investors have latest relevant information about the company and to inform the market place so that the interest of the investors is safeguarded, has written to the company. the response from the company is awaited.",,
2026-01-09 18:30:26,MPSLTD,Official Filing,Spurt in Volume,Positive,0.0,"spurt in volume significant increase in volume has been observed in mps limited. the exchange, in order to ensure that investors have latest relevant information about the company and to inform the market place so that the interest of the investors is safeguarded, has written to the company. the response from the company is awaited.",,
2026-01-09 18:30:18,YASHO,Official Filing,Spurt in Volume,Positive,0.0,"spurt in volume significant increase in volume has been observed in yasho industries limited. the exchange, in order to ensure that investors have latest relevant information about the company and to inform the market place so that the interest of the investors is safeguarded, has written to the company. the response from the company is awaited.",,
2026-01-09 18:18:20,HERITGFOOD,Official Filing,Updates,Neutral,0.0,updates heritage foods limited has informed the exchange regarding 'completion of acquisition of 51% equity share capital of m/s. peanutbutter and jelly private limited and execution of shareholders agreement'.,,
2026-01-09 18:17:40,NIRAJ,Official Filing,Bagging/Receiving of orders/contracts,Positive,0.0,bagging/receiving of orders/contracts niraj cement structurals limited has informed the exchange about bagging/receiving of orders/contracts,,
2026-01-09 17:58:11,QPOWER,Official Filing,Acquisition,Neutral,0.0,"acquisition quality power electrical equipments limited has informed the exchange about the acquisition of 20,42,754 (50%) equity shares of sukrut electric company private limited",,
2026-01-09 17:56:33,CEIGALL,Official Filing,Acquisition,Neutral,0.0,acquisition ceigall india limited has informed the exchange about acquisition,,
2026-01-09 17:54:58,DMART,Official Filing,General Updates,Neutral,100.0,general updates avenue supermarts limited has informed the exchange about allotment of commercial paper of rs. 100 crores,,
2026-01-09 17:10:06,SAATVIKGL,Official Filing,News Verification,Positive,0.0,news verification the exchange has sought clarification from saatvik green energy limited with respect to recent news item captioned saatvik green energy bags rs 29-cr solar epc order.  the response from the company is awaited.,,
2026-01-09 16:45:05,ITCHOTELS,Official Filing,Bagging/Receiving of orders/contracts,Positive,0.0,"bagging/receiving of orders/contracts disclosure under regulation 30 of sebi (listing obligations and disclosure requirements) regulations, 2015.",,
2026-01-09 16:23:36,CAMLINFINE,Official Filing,Acquisition,Neutral,0.0,acquisition camlin fine sciences limited has informed the exchange about update on acquisition of new ordinary shares of vinpai sa pursuant to conversion of convertible bonds.,,
2026-01-09 16:23:19,CROWN,Official Filing,"Certificate under SEBI (Depositories and Participants) Regulations, 2018",Neutral,2018.0,"certificate under sebi (depositories and participants) regulations, 2018 crown lifters limited has informed the exchange about certificate under sebi (depositories and participants) regulations, 2018",,
2026-01-09 15:44:14,BUILDPRO,Official Filing,Disclosure under SEBI Takeover Regulations,Neutral,0.0,"disclosure under sebi takeover regulations shankara buildpro limited has submitted to the exchange a copy of disclosures under regulation 10(6)-report to stock exchange in respect of any acquisition made in reliance upon exemption provided for in regulation 10 of sebi (sast) regulations, 2011.",,
2026-01-09 15:10:20,ICICIGI,Official Filing,Action(s) taken or orders passed,Positive,0.0,action(s) taken or orders passed icici lombard general insurance company limited has informed the exchange about action(s) taken or orders passed,,
2026-01-09 15:00:32,TEXRAIL,Official Filing,Bagging/Receiving of orders/contracts,Positive,0.0,bagging/receiving of orders/contracts texmaco rail & engineering limited has informed the exchange about bagging/receiving of orders/contracts,,
2026-01-09 14:54:09,TEXRAIL,Official Filing,Bagging/Receiving of orders/contracts,Positive,0.0,bagging/receiving of orders/contracts texmaco rail & engineering limited has informed the exchange about bagging/receiving of orders/contracts,,
2026-01-09 14:49:24,IEX,Official Filing,News Verification,Positive,0.0,news verification the exchange has sought clarification from indian energy exchange limited with respect to recent news item captioned iex shares recover 7% from day's low as cerc seeks more time on withdrawal of coupling order.  the response from the company is attached.,,
2026-01-09 14:46:53,TEXRAIL,Official Filing,Bagging/Receiving of orders/contracts,Positive,0.0,bagging/receiving of orders/contracts texmaco rail & engineering limited has informed the exchange about bagging/receiving of orders/contracts,,
2026-01-09 14:28:37,ROLLT,Official Filing,Price movement,Positive,0.0,"price movement significant movement in price has been observed in rollatainers limited. the exchange, in order to ensure that investors have latest relevant information about the company and to inform the market place so that the interest of the investors is safeguarded, had written to the company. rollatainers limited has submitted their response.",,
2026-01-09 14:27:29,CREDITACC,Official Filing,"Certificate under SEBI (Depositories and Participants) Regulations, 2018",Neutral,2018.0,"certificate under sebi (depositories and participants) regulations, 2018 creditaccess grameen limited has informed the exchange about certificate under sebi (depositories and participants) regulations, 2018",,
2026-01-09 13:52:16,PTCIL,Official Filing,Press Release,Positive,0.0,"press release ptc industries limited has informed the exchange regarding a press release dated january 09, 2026, titled ""aerolloy technologies wins development and supply order from blue origin for large superalloy investment castings for new glenn s be-4 engines"".",,
2026-01-09 13:20:27,IEX,Official Filing,News Verification,Neutral,0.0,"news verification the exchange has sought clarification from indian energy exchange limited with respect to recent news item captioned nse, igx in talks to launch india's first natural gas futures contract.  the response from the company is attached.",,
2026-01-09 12:59:08,APLAPOLLO,Official Filing,Updates,Neutral,200.0,updates apl apollo tubes limited has informed the exchange regarding 'intimation of issuance of commercial paper of rs 200 crores'.,,
2026-01-09 12:55:17,RELTD,Official Filing,Bagging/Receiving of orders/contracts,Positive,0.0,bagging/receiving of orders/contracts selection of solar power generators (spgs) on the basis of build own and operate (boo) for establishing solar power plant/project of an aggregate capacity of 62 mw(ac),,
2026-01-09 12:50:01,WAAREEENER,Official Filing,Bagging/Receiving of orders/contracts,Positive,0.0,"bagging/receiving of orders/contracts waaree energies limited has informed the exchange about receipt of order on january 08, 2026.",,
2026-01-09 12:44:09,GREENPLY,Official Filing,Action(s) taken or orders passed,Positive,0.0,"action(s) taken or orders passed greenply industries limited has informed the exchange about an order dated 8th january, 2026 passed by office of the state tax officer, ghatak-10, (ahmedabad), range-3, division-1, m.s building (apna bazar), laldarwaja, ahmedabad, gujarat-380001.",,
2026-01-09 11:50:12,INDOTECH,Official Filing,Bagging/Receiving of orders/contracts,Positive,0.0,bagging/receiving of orders/contracts indo tech transformers limited has informed the exchange about bagging/receiving of orders,,
2026-01-09 11:28:56,IEX,Official Filing,News Verification,Positive,0.0,news verification the exchange has sought clarification from indian energy exchange limited with respect to recent news item captioned iex shares recover 7% from day's low as cerc seeks more time on withdrawal of coupling order.  the response from the company is awaited.,,
2026-01-09 11:07:02,IEX,Official Filing,News Verification,Neutral,0.0,"news verification the exchange has sought clarification from indian energy exchange limited with respect to recent news item captioned nse, igx in talks to launch india's first natural gas futures contract.  the response from the company is awaited.",,
2026-01-09 11:06:40,SIGNATURE,Official Filing,Spurt in Volume,Positive,0.0,"spurt in volume significant increase in volume has been observed in signatureglobal (india) limited. the exchange, in order to ensure that investors have latest relevant information about the company and to inform the market place so that the interest of the investors is safeguarded, had written to the company. signatureglobal (india) limited has submitted their response.",,
2026-01-09 10:56:46,GNA,Official Filing,Price movement,Positive,0.0,"price movement significant movement in price has been observed in gna axles limited. the exchange, in order to ensure that investors have latest relevant information about the company and to inform the market place so that the interest of the investors is safeguarded, had written to the company. gna axles limited has submitted their response.",,
2026-01-09 10:56:15,LATTEYS,Official Filing,Bagging/Receiving of orders/contracts,Positive,0.0,bagging/receiving of orders/contracts latteys industries limited has informed the exchange about bagging/receiving of orders/contracts,,
2026-01-09 10:50:01,ALKYLAMINE,Official Filing,Spurt in Volume,Positive,0.0,"spurt in volume significant increase in volume has been observed in alkyl amines chemicals limited. the exchange, in order to ensure that investors have latest relevant information about the company and to inform the market place so that the interest of the investors is safeguarded, had written to the company. alkyl amines chemicals limited has submitted their response.",,
2026-01-09 10:44:31,JINDALPHOT,Official Filing,Spurt in Volume,Positive,0.0,"spurt in volume significant increase in volume has been observed in jindal photo limited. the exchange, in order to ensure that investors have latest relevant information about the company and to inform the market place so that the interest of the investors is safeguarded, had written to the company. jindal photo limited has submitted their response.",,
2026-01-09 10:08:21,MADRASFERT,Official Filing,Spurt in Volume,Positive,0.0,"spurt in volume significant increase in volume has been observed in madras fertilizers limited. the exchange, in order to ensure that investors have latest relevant information about the company and to inform the market place so that the interest of the investors is safeguarded, had written to the company. madras fertilizers limited has submitted their response.",,
2026-01-09 09:07:56,JSWSTEEL,Official Filing,Press Release,Neutral,0.75,"press release jsw steel limited has informed the exchange regarding a press release dated january 09, 2026, titled ""jsw steel reports quarterly consolidated crude steel production of7.48 million tonnes for q3 fy26"".",,
2026-01-08 23:28:23,POWERMECH,Official Filing,Press Release,Positive,1563.0,"press release power mech projects limited has informed the exchange regarding a press release dated january 08, 2026, titled ""awarded bess order from west bengal state electricity distribution company establishing of 1 gwh bess with additional greenshoe option for a further 1 gwh revenues of rs. 1,563 cr (rs. 3,126 cr including greenshoe option) "".",,
2026-01-08 22:52:48,POWERMECH,Official Filing,Bagging/Receiving of orders/contracts,Positive,0.0,bagging/receiving of orders/contracts power mech projects limited has informed the exchange about bagging/receiving of orders/contracts,,
2026-01-08 22:04:14,SHRIPISTON,Official Filing,Acquisition,Neutral,0.0,acquisition shriram pistons & rings limited has informed the exchange about acquisition,,
2026-01-08 21:25:49,UPL,Official Filing,General Updates,Neutral,0.0,"general updates upl limited has informed the exchange about acquisition of balance 25% stake in upl agro limited by upl limited, hongkong",,
2026-01-08 21:24:49,PRAKASH,Official Filing,Disclosure of material issue,Positive,0.0,disclosure of material issue prakash industries limited has informed regarding disclosure of material issue i.e. order of the hon ble supreme court of india in the syndicate bank matter,,
2026-01-08 20:55:53,FIRSTCRY,Official Filing,Acquisition,Neutral,0.0,"acquisition in furtherance to earlier intimation dated december 26, 2025, brainbees solutions limited has informed the exchange about the completion of process of acquisition of solis hygiene private limited by swara baby products private limited, a subsidiary of the company",,
2026-01-08 20:28:21,NHPC,Official Filing,Outcome of Board Meeting,Neutral,2000.0,"outcome of board meeting nhpc limited has informed the exchange regarding  outcome of board meeting held on january 08, 2026 regarding approval of the proposal for perusal of general information document (gid) and key information document (kid) for issue of unsecured, redeemable, taxable, non-convertible, non-cumulative ah-series bonds up to rs.2,000 crore in one or more tranche through private placement, as part of the borrowing plan for fy 2025-26.",,
2026-01-08 20:21:37,DEVYANI,Official Filing,General Updates,Neutral,0.0,general updates devyani international limited has informed the exchange about updates on acquisition.,,
2026-01-08 20:03:42,ETERNAL,Official Filing,General Updates,Positive,0.0,"general updates eternal limited has informed the exchange regarding 2 orders received from additional commissioner of state tax (appeals), west bengal.",,
2026-01-08 19:52:54,CDSL,Official Filing,Updates,Neutral,10.0,updates cdsl has informed the exchange regarding media release - cdsl ventures limited crosses 10 crore kyc records milestone.,,
2026-01-08 19:51:46,TMCV,Official Filing,Acquisition,Neutral,0.0,acquisition tata motors limited has informed the exchange about acquisition,,
2026-01-08 19:31:08,BANSALWIRE,Official Filing,Action(s) taken or orders passed,Positive,0.0,"action(s) taken or orders passed bansal wire industries limited has informed the exchange regarding order received from gst authority under regulation 30 of sebi(listing obligations and disclosure requirements) regulations, 2015 in furtherance to our letter dated december 22, 2025",,
2026-01-08 19:09:01,TRIDENT,Official Filing,Acquisition,Neutral,0.0,acquisition trident limited has informed the exchange about update on acquisition,,
2026-01-08 18:47:57,BEL,Official Filing,Bagging/Receiving of orders/contracts,Positive,0.0,bagging/receiving of orders/contracts bharat electronics limited has informed the exchange about bagging/receiving of orders/contracts,,
2026-01-08 18:37:16,SALONA,Official Filing,Action(s) taken or orders passed,Positive,0.0,action(s) taken or orders passed salona cotspin limited has informed the exchange about action(s) taken or orders passed,,
2026-01-08 18:21:14,SAATVIKGL,Official Filing,Bagging/Receiving of orders/contracts,Positive,0.0,bagging/receiving of orders/contracts saatvik green energy limited has informed the exchange about bagging/receiving of orders/contracts,,
2026-01-08 18:18:00,HILINFRA,Official Filing,Bagging/Receiving of orders/contracts,Positive,0.0,bagging/receiving of orders/contracts highway infrastructure limited has informed the exchange about bagging/receiving of orders/contracts,,
2026-01-08 18:16:11,GNA,Official Filing,Price movement,Positive,0.0,"price movement significant movement in price has been observed in gna axles limited. the exchange, in order to ensure that investors have latest relevant information about the company and to inform the market place so that the interest of the investors is safeguarded, has written to the company. the response from the company is awaited.",,
2026-01-08 18:11:03,ZAGGLE,Official Filing,Bagging/Receiving of orders/contracts,Positive,0.0,"bagging/receiving of orders/contracts zaggle prepaid ocean services limited has informed the exchange about bagging/receiving of orders/contracts- update on agreement dated december 3, 2024 entered with agp city gas private limited",,
2026-01-08 18:02:51,MADRASFERT,Official Filing,Spurt in Volume,Positive,0.0,"spurt in volume significant increase in volume has been observed in madras fertilizers limited. the exchange, in order to ensure that investors have latest relevant information about the company and to inform the market place so that the interest of the investors is safeguarded, has written to the company. the response from the company is awaited.",,
2026-01-08 18:02:41,ROLLT,Official Filing,Price movement,Positive,0.0,"price movement significant movement in price has been observed in rollatainers limited. the exchange, in order to ensure that investors have latest relevant information about the company and to inform the market place so that the interest of the investors is safeguarded, has written to the company. the response from the company is awaited.",,
2026-01-08 18:02:37,JINDALPHOT,Official Filing,Spurt in Volume,Positive,0.0,"spurt in volume significant increase in volume has been observed in jindal photo limited. the exchange, in order to ensure that investors have latest relevant information about the company and to inform the market place so that the interest of the investors is safeguarded, has written to the company. the response from the company is awaited.",,
2026-01-08 18:02:32,SIGNATURE,Official Filing,Spurt in Volume,Positive,0.0,"spurt in volume significant increase in volume has been observed in signatureglobal (india) limited. the exchange, in order to ensure that investors have latest relevant information about the company and to inform the market place so that the interest of the investors is safeguarded, has written to the company. the response from the company is awaited.",,
2026-01-08 18:02:24,ALKYLAMINE,Official Filing,Spurt in Volume,Positive,0.0,"spurt in volume significant increase in volume has been observed in alkyl amines chemicals limited. the exchange, in order to ensure that investors have latest relevant information about the company and to inform the market place so that the interest of the investors is safeguarded, has written to the company. the response from the company is awaited.",,
2026-01-08 17:54:10,ABINFRA,Official Filing,Awarding of order(s)/contract(s),Positive,0.0,awarding of order(s)/contract(s) a b infrabuild limited has informed the exchange about awarding of order(s)/contract(s),,
2026-01-08 17:49:34,BHEL,Official Filing,Bagging/Receiving of orders/contracts,Positive,0.0,bagging/receiving of orders/contracts bharat heavy electricals limited has informed the exchange about bagging/receiving of orders/contracts,,
2026-01-08 17:35:50,BAJAJHLDNG,Official Filing,General Updates,Neutral,0.0,"general updates bajajhldng: bajaj holdings & investment limited has informed the exchange about update on the acquisition of equity stake owned by allianz se in insurance subsidiaries of bajaj finserv limited i.e., bajaj general insurance limited and bajaj life insurance limited, respectively.",,
2026-01-08 17:33:27,BAJAJFINSV,Official Filing,General Updates,Neutral,0.0,general updates bajaj finserv limited has informed the exchange about the update on acquisition of 23% stake held by allianz se in insurance subsidiaries,,
2026-01-08 17:23:04,FUSION,Official Filing,Press Release,Neutral,800.0,"press release fusion finance limited has informed the exchange regarding a press release dated january 08, 2026, titled ""fusion finance successfully completes &#8377;800 crore rights issue"".",,
2026-01-08 17:07:01,SASKEN,Official Filing,Action(s) initiated or orders passed,Positive,0.0,action(s) initiated or orders passed sasken technologies limited has informed the exchange about action(s) initiated or orders passed,,
2026-01-08 16:52:02,WAAREERTL,Official Filing,Bagging/Receiving of orders/contracts,Positive,0.0,bagging/receiving of orders/contracts waaree renewable technologies limited has informed the exchange about bagging/receiving of orders/contracts,,
2026-01-08 16:50:50,BPCL,Official Filing,News Verification,Neutral,0.0,"news verification the exchange has sought clarification from bharat petroleum corporation limited with respect to recent news item captioned technip energies wins two major bpcl contracts for bina, mumbai refineries.  the response from the company is attached.",,
2026-01-08 16:46:48,SGFIN,Official Filing,General Updates,Neutral,30.0,general updates sg finserve limited has informed the exchange about issuance of commercial paper of rs 30 crore,,
2026-01-08 16:25:16,UNIVASTU,Official Filing,Bagging/Receiving of orders/contracts,Positive,0.0,bagging/receiving of orders/contracts univastu india limited has informed the exchange about bagging/receiving of orders/contracts,,
2026-01-08 16:20:55,VEDL,Official Filing,News Verification,Neutral,0.0,news verification the exchange has sought clarification from vedanta limited with respect to recent news item captioned delhi hc agrees to examine govt's refusal to extend vedanta's contract.  the response from the company is attached.,,
2026-01-08 16:06:56,TOTAL,Official Filing,Acquisition,Neutral,0.0,acquisition total transport systems limited has informed the exchange about acquisition,,
2026-01-08 15:49:12,RVNL,Official Filing,Bagging/Receiving of orders/contracts,Positive,0.0,"bagging/receiving of orders/contracts disclosure under regulation 30 of sebi (lodr) regulations, 2015- receipt of letter of acceptance (loa) from east coast railway",,
2026-01-08 15:23:44,BPCL,Official Filing,News Verification,Neutral,0.0,"news verification the exchange has sought clarification from bharat petroleum corporation limited with respect to recent news item captioned technip energies wins two major bpcl contracts for bina, mumbai refineries.  the response from the company is awaited.",,
2026-01-08 14:59:35,CHOICEIN,Official Filing,Press Release,Neutral,0.0,"press release choice international limited has informed the exchange regarding a press release dated january 08, 2026, titled ""contract/award secured from india post payment bank by our step down subsidiary m/s. choice wealth private limited."".",,
2026-01-08 14:53:21,ONGC,Official Filing,Action(s) initiated or orders passed,Positive,0.0,"action(s) initiated or orders passed oil & natural gas corporation limited has informed the exchange about disclosure of event or information under regulation 30 of sebi (lodr) regulations, 2015",,
2026-01-08 13:28:24,VEDL,Official Filing,News Verification,Neutral,0.0,news verification the exchange has sought clarification from vedanta limited with respect to recent news item captioned delhi hc agrees to examine govt's refusal to extend vedanta's contract.  the response from the company is awaited.,,
2026-01-08 12:25:16,CAMLINFINE,Official Filing,Spurt in Volume,Positive,0.0,"spurt in volume significant increase in volume has been observed in camlin fine sciences limited. the exchange, in order to ensure that investors have latest relevant information about the company and to inform the market place so that the interest of the investors is safeguarded, had written to the company. camlin fine sciences limited has submitted their response.",,
2026-01-08 11:11:00,REFEX,Official Filing,Bagging/Receiving of orders/contracts,Positive,0.0,bagging/receiving of orders/contracts disclosure under regulation 30 of sebi (lodr) regulations 2015 - bagging of order for transportation of pond ash to nhai road projects,,
2026-01-08 10:33:15,RAILTEL,Official Filing,Bagging/Receiving of orders/contracts,Positive,0.0,bagging/receiving of orders/contracts railtel corporation of india limited has informed the exchange about bagging/receiving of orders/contracts,,
2026-01-08 10:15:34,ELECON,Official Filing,Action(s) taken or orders passed,Positive,0.0,action(s) taken or orders passed elecon engineering company limited has informed the exchange about action(s) taken or orders passed,,
2026-01-08 09:58:53,SCHAEFFLER,Official Filing,Updates,Neutral,100.0,"updates schaeffler india limited has informed the exchange regarding 'declaration about large corporate '. as on december 31, 2025 (last day of financial year), schaeffler india limited ( the company ) does not have an outstanding long term borrowing of rs. 100 crores or above. therefore, the company does not fulfill criteria for being identified as  large corporate  as per the provisions of sebi circular sebi/ho/ddhs/cir/p/2018/144 dated november 26, 2018.",,
2026-01-08 09:23:09,AVANTEL,Official Filing,Bagging/Receiving of orders/contracts,Positive,0.0,bagging/receiving of orders/contracts avantel limited has informed the exchange about bagging/receiving of orders/contracts,,
,POTENTIAL NEWS,Future/Rumor,GPT Infraprojects shares zoom 6% after being declared L1 bidder for Rs 670 crore NHAI project - The Economic Times,Positive,670.0,Source: The Economic Times | Link: https://news.google.com/rss/articles/CBMi-gFBVV95cUxQZWJ3a0wzaGdmbWY2SW1vM3VCdEZmSlFhSWZBaWVMTWlCSlBvaHFXeWJDVXFwZ2NVYVd4cGsxeGIwTVI3NUJOcFhaczMtakc5aG9FVjRmN3hBLVFvOWNVWkc1by1mQjdrTVZhN0c1UG84dGJDbzI3ZkluMXp1MXlzUk9CYmFUX3pwQlFJYmRDbEhfZnA4ZXNCaWtYM0JRbk1Gbk9vTWdaazhNcVVzUzhLel9NRkQxOFk5bUJ1NkE2MDg4SDE5VkJ3N19tVTZTYTNhaW1UZnkxemROVkZQVDdBY3d2eTZUVXlSMFgwZTk0VmdVcGZXMWlaQmJ30gH_AUFVX3lxTE5UNGNFbkI2S2FUVFlveExLdVpzUWpyRXhGTEFTbElGNnUybndJNFdjUXg1M2lxQlRoZXBTWDZZMElIYzc3R2NqZkdWSGdrMGplR05oMWw2SDNiUG9lazFYWkdKRDN4UjVqczNrRjRuT2REVTFZaTJFZndFSEtDVnZla1lYSG44TmFCcVM1U0VUdV9id0ZRb0xSeHJCRDBFSWt3YkhnTEpqLTB5RG5ySG1PaTBzdWdwS0VOcl9taEhiYi1ndUVXTkotWXp1cU0tSjlMY3lILVhPb1Y1WVlOSkFyUHZvNldadGlDWlBZUEdKTTh5Y0NiQ1Zuc0dqX2xzSQ?oc=5,,
,POTENTIAL NEWS,Future/Rumor,"Ceigall India jumps after emerging as L1 bidder for Rs 1,089-cr project - Business Standard",Positive,0.0,Source: Business Standard | Link: https://news.google.com/rss/articles/CBMi6AFBVV95cUxPQ2xLS2R3MWlhNkpmc2F3N0RlWTlhWHNiU2lLWUlfWWk0LW04QTMxbE5xTDB6b1FQRjJKVHFPRWtZblpwZHcxR1V4OFpRajNpTVo1Uk45ZFdLLTdFT2wyQ3o5ejY0OUJwM19UOGg1UHNaaWxIWlZfa3lYaHNoZWxGUk9zb0dzX1VOWHZua1owZzZfNEI1X3NyOEZJTXRGbXFMYnNNUW1rZnNQaUJzdU5MS0VpdzJlbHpZTUJoZm9neVFWLW1xeWdQWFRQNXRIMWpSajJmaVZLVmxoYzgtMjdQVlFCT1ZFU3pr0gHuAUFVX3lxTE0zRWhGMTMwVEVoOXB2MTNBbWdNSnlORjc2Mno4bWwwZzlyLUxrX1VCc3loN3hDUnFXNXJtQkN4NC02UWRiRVpEV2diSTdTd0xhOU85ZU00aDRNZU1nVDhHclp1THI3VHF2WVJiMGozWVNqelJmSnNGVjRNQlRmYzItb2NjeFdlbDdfb2NyQW9BOWVDdUJOQ05CcV9PSFk3QVE0ZUlMalhwMFhiQjBNQXMtRk9aVmJwcDZyNUppTGZESExGU2ZrNHlJRkhyRTNJcUNXNWxYMm1vbENCVXlENkg0MEtRckNRbzl6Smg0NXc?oc=5,,
,POTENTIAL NEWS,Future/Rumor,Defence company has been declared as the lowest bidder for an order of Rs 257.89 million by the Defence Public Sector Undertaking - Dalal Street Investment Journal,Positive,25.79,Source: Dalal Street Investment Journal | Link: https://news.google.com/rss/articles/CBMikAJBVV95cUxPTndNMld2Ykt3SXljVElaR1VOTUJwOXpPOGZHMUYwaTd6cTF2aWtwSGpwM2Y3TVV6eEdmMTBxVnJ3bzVuSXd3eFBadlcwbzJqR2Rvc0N1NExvdm9SdjUwV2F0S3R4dUJ4UHZJWkNlOE1UU2VRVGVhNXZ5dEpkdEl6eE8ySjNHeHluckh4aTA4XzVTd2tDMGJzRGtzM3FfcW5URHRjbDZUV2dSWVF3d1otMDlvMnlZdHotVnpGLTYxd0tXTElEZVcySnd6NTI1M2NtZjAwcDZvektZYTF1bXJaQVFmb19DQkxoOWZsNlhkR0JEMGctM3dzbjk5bC1BdmZadVpzc2l6UDZWLTZKTTA0OA?oc=5,,
,POTENTIAL NEWS,Future/Rumor,GPT Infraprojects Consortium Declared Lowest Bidder for ₹6.70 Billion Project - scanx.trade,Positive,0.0,Source: scanx.trade | Link: https://news.google.com/rss/articles/CBMi0gFBVV95cUxNV0VGWGVLcGN4XzhYOHBvX1BQS1JydFoydlcxRHl6eTdqQ1dHeGRQS1NJTllsNTdweVMtNmFzSXhsSTlVS2c4UEg0TTZ3aW0xSWg1R2FRUjVtM3FGbmI1T0tBcUFBSHM1Szc4Ni1mN0JDRkpmYTJSVXdFNnZPOGM5TFpMeXppOWFGWFBidzdIYWpXOEtubXlPWEhEMzdSR0c2dXIyYW5rdmc1QnNlekJ4SW5ENy11akFDc1JNQTBubWRuV25QMFB2NE1Lcm1DYTFpenc?oc=5,,
,POTENTIAL NEWS,Future/Rumor,"KEC International Bags ₹1,150 Cr Orders; Largest-Ever India T&D - HDFC Sky",Positive,1150.0,Source: HDFC Sky | Link: https://news.google.com/rss/articles/CBMi0wFBVV95cUxNNFVWNW5lUmRjWnY2Ym9YeEdXVUdjWnRpUUw0V2RfVmtncHAzMDB5dHVfakowY0EwLXZyMHRGamY1NWZFQ0tzakhPczlEcG9HVlZlSnoweW9oVndXMjM2RUwzNGFpOHZJdHlaWklpZU9KTHcyV201VHdySkdxOHJrdjV1SnVRa0JYNmt2TVNoMG1odFdMSkMtOXhmVVg2VWhXY3BiRE0tRHNSVWZQRWo2Tm15T25HeE1kbVJXckxWdVNXQzBBMDN1QXFkN1VwWkt3Nmp3?oc=5,,
,POTENTIAL NEWS,Future/Rumor,"KEC International bags ₹1,150 crore orders, clinches largest India T&D contract - CNBC TV18",Positive,1150.0,Source: CNBC TV18 | Link: https://news.google.com/rss/articles/CBMixwFBVV95cUxPdmZNTG40dU1NMnF1TTU3UVNvWG90X1J0VGdENkM2b0UtdGViRWRBeFNqQWM2TnJYb3RzUC1ZUl85M2lvVE5nNDg4cVRtZkEwYnRibUdWdGVsbkx4MjR5TFVUdndCZkE0VFdFdnJEdmdiNl9sNXVNblBuQVVHSmRtSnRPT2RZWTR6cGtPbEJsUnhtQk45bVdlNE9WUFFueHJnSVlkTnQ5LWZOaEJFNDFzSDdjZ1B1T3luX1dxTGhmVE9id3RUTVpv0gHMAUFVX3lxTFBmZmpTR3dVRVJ2SnpHX1I0TnpzZ29xRlBLRDgwSGNEOGhEZ245MWtRX0xBSUVSQ3F3cjhzSHI4RG5qcWt0aU9tYkVUdnowME9XcmhseGcwYWVkS2RQZnRzNW9YWmtQUDJmcGtFWGdMVVNOVTVyOHFCQ0tJdEs2MVQ0cjNVblpWWU9GTUxZX0dYTFIxYjBzbjJtcWpPZmVjRFJzOWNoNDJxd1Y5dEdfdEo4bHpUb2FhOWQwdmpvdDE5OURwcUZWRFk2NlRJTg?oc=5,,
,POTENTIAL NEWS,Future/Rumor,Warner Bros acquisition: Netflix wins bidding war with $82.7 billion; executive deal talk next - Times of India,Positive,0.0,Source: Times of India | Link: https://news.google.com/rss/articles/CBMikwJBVV95cUxOenhiS0Ffbi1oTGEtcjVQcG5GSmVPOXpibnlZODhpZ2lPYXhnUkNrY1pJM2tRY1ljUlphbFhpMGc2bHdLbG5QY0lkaHVscXBxSU5DR05Sd3ktYlp4LXdJMkczZlNuT05PYmFOcmRTQlRDUDdSeVdyN2ExTWNzWjNCVmt0QzF5S01nZHp6UXRxNlpFMEd3S1h3MERlWjlNd0E5eXZNZG10QjItTTBOVlRLZkFOQ0NtNjUtVHY5MU5FT244S25NVVVXU0ZQM2pfNW1aUlZnT3MwTkVydzRPVXJiMDRtWHZkbXAtZjJXUWoxb3ItRlotZkRIMGl4NWtsUEdiMW5Malk0RTYyMkdlVl92YjdJUdIBmAJBVV95cUxQeTZHVzV0YW5fdDVORUFyVkJlaTZmM2QzeGtnbVJXZ2NseHVFNGJCakM5TjNPQ0N4NGREOHZwZ2FlelVBVmt3NUhsSnc5MXRvbF9SRGdHcUE2V2ozc21yRHJmX2p3NEcxVDJodk1EYWFnVTRoNGtycERqcDZqWVpLb1U3RzlJNEphNmNDS2pLOU94WUJqQUpmbWVuRFpQbXZQSjdOOGdmTHA4MFBEd3lTQVRXSmRSNDhmRW1ZMkxDVjA3YlRGcnl4OE5uR1FNMkZPc2RHRUIyYWlSTVFYc1pQaEJvWU03amVCdVRJY2J6TWRoLV9VdktidjVnVjBEX2w2Y3lXUFd0azh1OXJsUlZvdURRYzZyOC1p?oc=5,,
,POTENTIAL NEWS,Future/Rumor,Blackstone In Talks To Acquire Zelestra’s India Business In $421M Deal - Electronics For You BUSINESS,Positive,0.0,Source: Electronics For You BUSINESS | Link: https://news.google.com/rss/articles/CBMiuAFBVV95cUxPampRZFVkVENUZGRjTFVzeTcxMUQwaXFWOE44cGlBa3lIN0FoMkJWcDB6cVFrcnBlZ1pfVjF5c0tmaXJXdkl1X0pXLVNNVVB5bGZRMUk1T3NxRW5MVmhHVzRodDNsR1REOERpV0xLVGlQLWNHTmRRY0gwUEhKTlFPZGctOGRsMm14ZHEzaWVyQjVIYWZkWUFBX0FMOHVtY2N6WnRrMmJMa2FRY1E1a28xazhKY0wzZkE3?oc=5,,
,POTENTIAL NEWS,Future/Rumor,"Airtel, Tata Group call off talks for merger of DTH business - Times of India",Positive,0.0,Source: Times of India | Link: https://news.google.com/rss/articles/CBMi2wFBVV95cUxNVVZaTW1GakhtUGVOcjVxN1plZWxlZnpFUHotUWJONVdscTRkeDRyQ2h4d056dm9Kd2Z3Q0xoYzBzQXEzY0lsU2RfakdPb01POFItTHRwRW1MX1VUbmlBQmJvVXAzcXlER3g5RTRkZ1ZFNEV4NlNsQW82NkZpclNBTjlET3J4MDZhSnFuWjd2bWxWaHpPX0VIbk5GOXJ5U0VUMUJaTERFYm5nNVRoMVJqdHlEMHcwUmU3RmRVeDZYWUI4M1h2OGNJcDkwN0NEMkRXbDhvRTVNQThOS2fSAeABQVVfeXFMTVlVZk85bEVHZDM3YXFoMi1FaEZBOGloOFgxRFR4N1NFY181U1Z6THd0NU12UnY5aGlDTWU2TDJJVnZ6VkZqN0Yxc092aDNSTklGYl93VVJIVmpNM251OVBoSk12Z2I5cGx3MG8wNDBPUmtDOVR2enhfZHJRMW96QVFqYzZMcm9YUFZNcDk5Ym9HR1YyRXA3bkN0b0pNN2xUQnVXM2dxbVhqV3FUQjFrVVg2OC1GTmlSeHVHN1hFaXYzSElFQzBEMmhBM2ptYXlhb3ZCbUZFSzZnZGx4aVFFcGc?oc=5,,
,POTENTIAL NEWS,Future/Rumor,KFC & Pizza Hut India Giants in Mega Merger Talks! Huge Consolidation on the Horizon? - Whalesbook,Positive,0.0,Source: Whalesbook | Link: https://news.google.com/rss/articles/CBMi1whBVV95cUxOT2xEcVlLdmRwbTdCd1c1M2lfaW9aTXVCRVNZY0V0TmpBNHhFZzFEcGpyb3JjQVhpQWZtNzdtOGd3cnd6b0Z5OHphTjRPdmFHZnZYQ0VGSGQ0LUhEeC04VEJEQzROT2xJRDRBTW96RXRTck5YVnY4RjA1eldzb3Uwb3pWQjVDVnJMSGEtRmtBVThqMm13WFRSaWJQTVBLWnIzdFdiMjFqVTI3cEV3ZHFrdDZ1RzdsMDlxZjVCZXNvN2xNUFpjWEdQSVdiM1J1ZGdyX25Zd0NMd2d2dEJ1Z0FWZndhTkNWRklRaldUUFNQb3Q0VXJNN1ZYU0tLNjh0MmthdFBMWDhKLTJYMzRXS2tMSFFYTkJCaXhlQ3ZkbjV0YzR1MVhVTjZJbzhsVmZld2ZOVEdJODdpdG5aVURLeDIzUTlpbFNYZ2NTMG9pX3NXMWVvRkVid2NDaUwtdkd6aWVoYnh0WWFnZXVPZE45RDBVaXYzalFqN290bVM5S3BhV1RkcE5DZlNUMlJ4ZlMwNUN5dGdtZmFJcTRON3ZlcTV0c1g3X2JsQkdsQ1RSTDdDSGc2MzFnLUpqUFRBVzFXNzlyQ3VfSE9IMkYxaG5YTmtrOGIyRTlveW82M1BSSk9YR3VkYmVodFRJSndscUl0MUQ0VHBkcjdNOVh5VzRSdmlhWXVUM2NOOTNZU0hCU05TZUdOU1dJMkJXWnpWODZ1MEgyWi1QY0dCbUZHN1VvdGMwejhmak9KR3NyNFJLX05KeV9FcHpYWXBQZHE5ZWRsRWRKTTJBRVhmcmVNMUROdGt3aWZmTXBRbGUta0hKNWdENllUOUMxbHpnX0FDR0JMN0dyRDRCeGdObWVpenVaX3Z2SFlCZGlRbmpXRUp4S1Nkel9vckZJdURELTdHbFVlNGdENzBrOFBPR0lWTXJCMklqak5zNXBBWkhCNEY0RzJZYzhUTkVWXzlDRFY5eEt0Nkk1NEFyVlhSS0JPaldLQmdCNlJFWXVRWmJuOE9VdW92aVlIZDZRRjNoeXpCX2QyNGg1SE5kRzhUWEdDVjd2Zi05M1NXdnJzZXg2VDNJdHhqUEpBNWVJZmdBTS1zSzE3STVNdnA1LW9CTmEwWGE3OXdMRmxuUGYxalhaMkNQNTdDTngtY3lHSGU3YVhiNDVqUE9VVXYweDZ6OEk2UVdkVlhqYTlCdDlVU1Y1NnZSTUs4a3lLeUNiQ1A0N05zUDlwZEQ0bzdnckZUVi16aWR4NmZTYkxxQWVuVTBNU2t6Vi1Lcl9vd3RDVlZicTh2VXNybkhMUDdvdUJpaDdvOXBta3JZOTRCdXdHZHMxR2RCVkQwVVVqLUtTc0xHeHpsaWVBQ2ZOLWg4d2s1WkF2MWExMDMxN1NvZzhSbW83ZHJjc29hbk9XcEZnUUoyU0I2dnREdzIyalo3ekYwaVdSWVAzRmJ1cXZxMHpDaVlQYXFKc1A5d0xYMi1jUkZF?oc=5,,
,POTENTIAL NEWS,Future/Rumor,"Exclusive: Founders of India's RedTape seek stake sale, solicit Blackstone, KKR interest - Reuters",Positive,0.0,Source: Reuters | Link: https://news.google.com/rss/articles/CBMiuAFBVV95cUxPY2h4RGc1c2c1N2hxOGdTMm9PQTFyQmVacXRyRmt4N3p0UFoxaUpreHgwbzVwWUp2ek9ycUdVdnZrbVowQ3dIaENFdWQ5T0N5RUJLTVZHa09pR3hpQjRaSm1DVE5vOXB6Y3Jna2Q2N3BPZFRTVUhHMmpaSjEyRDZJRWhFZ09Jc25Vbm5wX3FPQUFRM3RURjEtQkY4OXM5czVVRGE0WkVWcklVZjI0WUI0UTNkQ1pGQWxQ?oc=5,,
,POTENTIAL NEWS,Future/Rumor,"Founders of India's RedTape eye stake sale, tap Blackstone, KKR, says report - CNBC TV18",Positive,0.0,Source: CNBC TV18 | Link: https://news.google.com/rss/articles/CBMiwgFBVV95cUxPUlVDWGYzekxERV9xV1BMUS13WWI0OXFReGg2eExCV1Z2RElaM1VwN3A0Q2NKX2lLbWNXTDFhRl9pVGdlU2tiT1hybEJQZzhYaktsejZ4Zl9rQ1Fzc2dFWVBEbTNtNFEyeURJYUxNQldkczFnd3p1RTBISloyX3lKMVpFSzBCUEgwUWwtSUlnbkhKQ0RfTHRSNUltbVdYdG16VTEtV3FScjc5bnVUWUZjRnp0aHZJdGlWNzR6ZVNjRDFMUdIBxwFBVV95cUxNTEhqR3pUZlAwdmZObDdCQTVWMUZaM0VXQTlfYmVFdEw4Y3NHei1zZHJoaEtMOGY1UnpGWGhFbXlGR1VBX1lIcTJDUm9DcVdfc1Z6dFVxcnZDcWFncHJoQkZuZFlSaEtQTnhOQ2E0OTc4LTI2dHF1V1pMVlVNV1JfYl9nd0EwWVFXVnEybU9ic2RsYnNwZi1LUXhnQ3RmWF81MXQtaml3amszYlJHYk1Zc19yT21qRlNfUElUNkloZHA5c1JCRTlv?oc=5,,
,POTENTIAL NEWS,Future/Rumor,"Market Wrap, Jan 9: SENSEX crashes 605 pts, NIFTY50 ends below 25,700; 307 stocks hit 52-week low, NSE-listed cos' mcap erodes ₹4.5 lakh crore - Upstox",Positive,0.0,Source: Upstox | Link: https://news.google.com/rss/articles/CBMioAJBVV95cUxQS083R0d3aksxcXVwUlUwNUEtaDVNejgyc3d4Q2RNZ2dhcm5yR3lYRlJXcjVpTjJ5VkJhYTBpcUgtNEdyUFZDUkhpSi1waThMc08xWkRtN0Y1SUVxbHpueXlkek42SmJMU3E3UDg3WDd1SzVFa0JJUDdBdDhNUm9iSVdiakJnYnpKSDRHRnF1QUVid2l1MmRCb3hIZUIxdFhBUEVmZXZwTTlzRnd5R2oxUklFMDA1bXpEN2hIOTRaMzZnRGMzanZPX3JyWVlNVDZFWnhHODNFMmk4R2phV0pENWFvaklpUnJKbnB6STBoSmNPQTFnVk0xdkpGLUljYVhDTmVMWVlpaGlwUGF1Mm1wVUdBcHBuNzVTMlNHVWplM2E?oc=5,,
,POTENTIAL NEWS,Future/Rumor,"Piccadily Agro Lists on NSE, Hits ₹630 on Debut Day - HDFC Sky",Positive,0.0,Source: HDFC Sky | Link: https://news.google.com/rss/articles/CBMinAFBVV95cUxQT0h6NmF6MUVNandqdTBha3d1RkxsMk5RdEowaWJudTBxVUlyVTVXbURvRHFuLWRSYnhBWlRXMm1fc0NQNVE2TXJ4MlpGN0lNVnlqWmtRTmcwU09ERUphVUE5UjN1QVpfb3VQS09ZWTJ5TTFfNzc4eXpUZWR5Rk1ZcUk4SWhXMU1zU0xPNlZkSWphbHRsMS1kc1JHZ0g?oc=5,,
,POTENTIAL NEWS,Future/Rumor,"Ceigall India Share Rise 3% on ₹1,089 Cr Highway L1 Bid - HDFC Sky",Positive,1089.0,Source: HDFC Sky | Link: https://news.google.com/rss/articles/CBMivgFBVV95cUxNUXRLRlhzSTJtVUViRzlPQ0Q2dXRZeU13ZmF3dVRWTFdYWC1ZR0k1b3k3cUEtWTUtU29rZGJVanQ0NllqMFRMS1dNMWUxWl9TNHhtR19kLWVxOHRYRFRxeUtVMmZvQUU1VjhHdHBPTi13OU5tMU9iT2pESkxYcVBpdVg5RnNrcjRPM09hczhaUE5BZWpWV2FyWURyaUgySHcxQks5RE03Z0hrWEZ1U05FQXpwamVBNF9IV0hLSWtB?oc=5,,
,POTENTIAL NEWS,Future/Rumor,RVNL.NS Stock Today: December 30 — Lowest Bidder Wins ₹201 Cr Rail Order - Meyka,Positive,201.0,Source: Meyka | Link: https://news.google.com/rss/articles/CBMinAFBVV95cUxQZklrZmJkcU5uVFBJaloteG0yQVVyZTFhSXJibWhXc2VkeVl3dm53S1JyVFBCemZPNlFaUGM4MFZjeERIX0JucEtlWUdtRnhaUjRNMXBVSGlNRHluUDBnU3oyMWJCNnpCd2N3ZDYzeDhnVFY3ejFmTjlOSWNjcDhiUDdLVVFmX0NFeWE0Y3dsaWJnZlB3bjcyUlVvV0k?oc=5,,
,POTENTIAL NEWS,Future/Rumor,Goldman Sachs in exclusive talks for Burger King Japan acquisition - Business Standard,Positive,0.0,Source: Business Standard | Link: https://news.google.com/rss/articles/CBMizgFBVV95cUxNa3NJNmFBTFdZTTJwdERrcjhiZ1Nvb08wMFJnRDU5S1c3cnBBRkZENzZubEtyUlRDSWQ3aTNqbzVqeGdoaEplZjBnYjFJVGZZS0FyZjcyb21sbXY0dGJXNmQ4SF9lQUJ2LTZwWEwyWkEwTVk2ZW41MEY3UXIxR212cnAzdW5ZdzdWLXR6NGxTenhuUDVVazJ1MlZvem0tRnBQWjc4bWZsNndzNjBmV3ZHOXM0TFliSDUyaWhUSEVYUEk0SlBfTDlKUVd5czFMQdIB0wFBVV95cUxQd3BRc1RRMFBPcFdIWm1tTTJvT1VpbWdSTFY4VmFSMGdBM0JsVlRJTktkdFpFOGZDZFJydHVaS0lZdzdqTFozcEp1ZW43OGVVTEZVQjBVUEd0ZGJ4WkFhUEJPS3FvYVdLeHREbHNqRmJPcEtLTHR3aldjYXVZWnJ2V2V6SGdZbjFqSjhYRV91ZXVMcEUtdDZfa0hha08za3B0RWRMZUNCV0trX2pYZFY2SW95U3RjdEdmUEpWbEI2enR5QVQtOTl3c0dwLXhPQmJNX3lj?oc=5,,
,POTENTIAL NEWS,Future/Rumor,Reliance Jio Platforms Considers IPO with 2.5% Stake Sale Worth Over $4 Billion - scanx.trade,Positive,0.0,Source: scanx.trade | Link: https://news.google.com/rss/articles/CBMixwFBVV95cUxNclNPTk15U1JncGk3MnJNM1FoanMtd2h2OXNzampfT3FUMlVCcnU0Q083ejFaZE82R3NVeXdzZm9KZS1SVURhekRMLXpNdFBtWkdSR21JNjhqT1lCVzBDd0F6RDRRSnZ4Y3c5elRCamp3aHNXYlI4WV93bEJ2SEZCTlp4eDBSUk5yMldSQl9QZjhhT3B5QTUxekREcUE5azV3eHZKajBKUzdJM01hMHFyMXpTd0ptS3pwcWdSSEp2T1drN09mSEF3?oc=5,,
,POTENTIAL NEWS,Future/Rumor,Reliance Jio Considers 2.5% Stake Sale in Potential $4 Bn IPO - outlookbusiness.com,Positive,0.0,Source: outlookbusiness.com | Link: https://news.google.com/rss/articles/CBMiogFBVV95cUxQUkhYNXhySjhtdFc0RG9JMjBMRVdDRk1tZC1ZMjdIYTVoeWlaeHc1bXhaYkgxV2dxVTRNWWNNaVR1YzhreTZhRjJ0eGU0eUI2aEM0ODVIcGowTGFCT25kcGxLM0pQTGxYV1VGbzI4WGZxRlNjbzZpSEhXNDRwQ2tGY1JMQnYyT3c4RGl4UUZwRF9rYlZjdjJENzQySEk4ejE2ZWfSAa8BQVVfeXFMUHdXV1JYTEliMkNGck04MVk4aHd3N2dYVmc0OWdUcXVKYTFXY0tMbUVLbWxrNGxYdDZGTUlEeXFUUzBQVWZWUmRhOVBiZktnRHcwV0QtVkNoTHhaN0pjbzhKaUVjLUNQR1JPT1JfV0NKNVFIVzcyZkN0cU9tSGJZWUJEVlJ2dWd5empabm5YbHpJOHdCNTlhMy1Sa2laakxHSnhudXlLS2JuSEVHYndSMA?oc=5,,
,POTENTIAL NEWS,Future/Rumor,Reliance Jio Platforms Considers 2.5% Stake Sale in 2026 India IPO - scanx.trade,Positive,0.0,Source: scanx.trade | Link: https://news.google.com/rss/articles/CBMitwFBVV95cUxNdTlnY0VaNjJRSWU5b1EtUVU0MEVVUXk5bUxlU3ZXSG84N3ZkSVlVTGlFbXk5VmhNMlZJRVRFN2ktOUl2ZUpFUUxvTERBQjhCNWhLYnRNUTlDX2FFeFJXQU9qbmRLZDF3MnNveHdQS3VJd1ZwZ01sZ1JkZ1NFd1MybExROUxBenpOZWJOSVBwd0hndXotbnpfTWlBdk9abEFIbFl3V3dIUzhiZmc0cUxtaGxyWjFjSWM?oc=5,,
,POTENTIAL NEWS,Future/Rumor,CarTrade Tech Abandons Merger Talks with Girnar Software - scanx.trade,Positive,0.0,Source: scanx.trade | Link: https://news.google.com/rss/articles/CBMi6gFBVV95cUxPOE1ibjhRMHpiMlRqUWxJOUVFT1p0X2VFSVRNXzBXNlI2Nl9zalFHclRleDJnRllLNmw5a1FYRWo2b0JPSU53NnpIZThIUlh6NG01RDFQN3FDQ1VrNXZnRGt2Sm83MzBYT3lqMWNKRXQ5bXEwV184bUphUmZjYmlOZjFVSGIzSFE3SWJ1eDNVR0ZxR0w4anU1MzRwZ0lNS0oybnhhV2pqcWx0WkZUSTF4dFpZWWRzTHlVRWRnaElSZkJjSEE5UGhRVExIUjdEeG5JX1YxaUN2ZTdKY3JyZlJJTDFvR0hlUUtRbEE?oc=5,,
,POTENTIAL NEWS,Future/Rumor,Apollo Micro Systems Bags ₹420.9 Crore Orders as IDL Explosives Wins Coal India Contract - Legal Parivar,Positive,420.9,Source: Legal Parivar | Link: https://news.google.com/rss/articles/CBMixgFBVV95cUxQb1FDeFA4b0ZENWhXM3B4YVFvSDh2RmVfZUVXcWJDUHU4dDBpbjlGS0JGazJsZmdUNU9yVi1WRkZYM0xvZ3NLblBJY09DMUxyVkxCa1IxdGstcFBXSmgtUXUtVldyeDVQTXlmSlNQakJDV1pZdk1BVEk5aF91VE9DdEk3OUtIN2tyRkdPbVdWVTdsc1ZaazVKX2k4VkFpMmFUS1dRR191czhEdzhBd1BrbVdLdVpxOHJtbVNkUWhESEhfMFVaSGc?oc=5,,
2026-01-13 17:59:37,NLCINDIA,Official Filing,Record Date,Neutral,0.0,record date nlc india limited has informed the exchange that record date for the purpose of interim dividend for fy 2025 - 26 is 20-jan-2026.,,
2026-01-13 14:48:38,MAHABANK,Official Filing,Record Date,Neutral,0.0,record date bank of maharashtra has informed the exchange that record date for the purpose of dividend  is 20-jan-2026.,,
2026-01-13 14:18:21,MAHABANK,Official Filing,Dividend,Neutral,0.0,"dividend bank of maharashtra has informed the exchange that board of directors at its meeting held on january 13, 2026, declared interim dividend of rs. 1.00 per equity share.",,
2026-01-13 14:16:17,MAHABANK,Official Filing,Outcome of Board Meeting,Neutral,0.0,"outcome of board meeting bank of maharashtra has submitted to the exchange, the financial results for the period ended december 31, 2025 and declared interim dividend",,
2026-01-12 23:28:42,HCLTECH,Official Filing,Record Date,Neutral,0.0,record date hcl technologies limited has informed the exchange that record date for the purpose of dividend  is 17-jan-2026.,,
2026-01-12 18:51:07,NLCINDIA,Official Filing,Record Date,Neutral,0.0,record date nlc india limited has informed the exchange that record date for the purpose of dividend  is 16-jan-2026.,,
2026-01-12 18:43:35,NLCINDIA,Official Filing,Dividend,Neutral,0.0,"dividend nlc india limited has informed the exchange that board of directors at its meeting held on january 12, 2026, declared interim dividend of rs. 3.6 per equity share.",,
2026-01-12 17:43:54,UNITDSPR,Official Filing,Record Date,Neutral,0.0,record date united spirits limited has informed the exchange that record date for the purpose of dividend  is 27-jan-2026.,,
2026-01-12 17:24:12,HCLTECH,Official Filing,Record Date,Neutral,0.0,record date hcl technologies limited has informed the exchange that record date for the purpose of dividend  is 16-jan-2026.,,
2026-01-12 17:12:02,HCLTECH,Official Filing,Dividend,Neutral,0.0,"dividend hcl technologies limited has informed the exchange that board of directors at its meeting held on january 12, 2026, declared interim dividend of rs. 12 per equity share.",,
2026-01-12 15:57:20,TCS,Official Filing,General Updates,Neutral,0.0,general updates tata consultancy services limited has informed the exchange about date of payment of dividend.,,
2026-01-12 15:54:06,TCS,Official Filing,Dividend,Neutral,0.0,"dividend tata consultancy services limited has informed the exchange that board of directors at its meeting held on january 12, 2026, declared special dividend of rs. 46 per equity share.",,
2026-01-12 15:52:29,TCS,Official Filing,Dividend,Neutral,0.0,"dividend tata consultancy services limited has informed the exchange that board of directors at its meeting held on january 12, 2026, declared interim dividend of rs. 11 per equity share.",,
2026-01-12 14:44:01,GRSE,Official Filing,Copy of Newspaper Publication,Neutral,0.0,"copy of newspaper publication pursuant to regulation 30 of the sebi (listing obligations and disclosure requirements) regulations, 2015, we are submitting herewith newspaper clippings regarding notice for transfer of unclaimed dividends / equity shares to investor education and protection fund (iepf) account in accordance with the provisions of the investor education and protection fund authority (accounting, audit, transfer and refund) rules, 2016.",,
2026-01-12 13:57:00,TEMBO,Official Filing,Record Date,Neutral,0.0,record date tembo global industries limited has informed the exchange that record date for the purpose of dividend  is 16-jan-2026.,,
,POTENTIAL NEWS,Future/Rumor,GPT Infraprojects Wins ₹670 Cr Highway Project in Jodhpur - scanx.trade,Positive,670.0,Source: scanx.trade | Link: https://news.google.com/rss/articles/CBMi2gFBVV95cUxPcEJLVGhpUDBPWEhmbkFmTXVwSmV3UEtuUEJobktuNmZsQnkxREhoSDFKaUZKRHh1ZFE5VGNBT1QzUF9ZZTV4YXhUNmhrRDg2QkQtTWNhYmVfQUVnREFHMGQyMzFDYzQxWHBNZVlHTmZWTjdveUJkRzNGbThFSUROX2FWNmppVi1ITFlnNzlrLVhVVk8yU0VtbFhSUmpUXzB3dkh0dkpOb2FfQlRueV9HbXkyQkJydV91WnBtZXUxZVRLVHFQQWZFZldBRTlXTG5TTC02ekFQR21oQQ?oc=5,,
,POTENTIAL NEWS,Future/Rumor,"Smallcap stock jumps 7% after emerging as the lowest bidder for ₹1,739 Cr MCGM flyover project - Trade Brains",Positive,1739.0,Source: Trade Brains | Link: https://news.google.com/rss/articles/CBMirwJBVV95cUxNWGlNQ18yUnA0QXVJaFdhVGtEalY0ZjdIb25GX1NlNVZ2bzgyT0ptUTdxbThicWVNYWRMekdFN05DYWFfRXZPN3ZSdVk2TmItR3dEUkZLUDljT3hZRndacUR4OWFlMjF1MC1laUlrdWlYY0phbXNGNVFHYWFxTjNpcW5uVEVScWJZRVAtVG5BWTZyRHZvQ18wbFVEUm5GYlJCMTNydW5xR3Q2RE15YTVFMGtFeS0yRVFjMTdrZ05ROEZicGJuRi03ZjVkdzY3eXdCRS1kMzI4TU03aTNUeUZDN1hLUHZFMF9EcmxTUllfMk11V0RwcGd0NTlESXE0WWpmR3N4V0ZDZHM0QVc5UkdZeFJ6aTVReXRFNVJPY0RJY0F1MHRlRzB2LU1sdkk2d3c?oc=5,,
,POTENTIAL NEWS,Future/Rumor,Gpt Infraprojects- Consortium Of Co Declared Lowest Bidder For Order Valued At 6.70 Billion Rupees - TradingView — Track All Markets,Positive,0.0,Source: TradingView — Track All Markets | Link: https://news.google.com/rss/articles/CBMi-wFBVV95cUxOaC00N0VYZktWMjBhc1Y2WmVDRGpMcjFPcEVzY1JFMUh6NW9xWmF3enE5Y1JHTkVCUUFPNlZ6Qm1NZVMxNk9XUlZPc1pPNmRSNVFDOHBibE1VaDd3RzluTFJKNUtoQUZNSG1EM1ZiSnZmMHhxOFN5UXB0WU9SWXM3TmtFV0dMOHdqSnlON3NuT3JoUmZZVG4wZDhaRVdTLVBySnBpUW5HZ3BJSy1CUWhMT1BoRGU1ZG03R3lmN0t0ZUtsN09KZFdrTGNOaUI1SHpDQ3RGd2x3aW1mT0l5dHJaQURrYTVmVTdVVGtrMnY0bVZYaUZlbkFUanA2bw?oc=5,,
,POTENTIAL NEWS,Future/Rumor,Apollo Micro Systems Bags Rs 258 Mn Defence Order; Emerges As Lowest Bidder For PSU - Goodreturns,Positive,25.8,Source: Goodreturns | Link: https://news.google.com/rss/articles/CBMixgFBVV95cUxPTHBoLTBuSXAwWG85UF81X0ZsWXFMdndXdGxVMU1YODZHZUxrZW85M0xEWTNYc0JRbVA5X0tEZkJFSVhJcFVNQzZZRXpLWmtyZE1NVzQwRWZsQ0ZQa29qX2RlOTJZMHBtenlqazloNVlBdkNRM0RYNGU2VzZTbUVHd2hTMU91NEwybWV4eGowcy1RWGFrczJFeGNyUEMwV0FpVUZ5UFJ4emxySTM0YmMxYndqbXJ6M0RVOXk2RDJ4WjY0d0Qzc3c?oc=5,,
,POTENTIAL NEWS,Future/Rumor,Apple Will Seriously Consider Buying Mistral: Report | AIM - Analytics India Magazine,Positive,0.0,Source: Analytics India Magazine | Link: https://news.google.com/rss/articles/CBMinwFBVV95cUxNTnM2aWVHeXNGQy1oWnBpdWxQU2dPLWhoVnJIa0g3SjNSNWpRSGVndlYtcU9GVEU5cldPbmJqSGZnbGxYMkZwWHBUQXNobC1MQU12QTdNX01SU3JiSllpS0QxaHNqZnF0S2RLUGJNNnlCUkJWZm9zeEF2Q3ctZGFEd2ZZSDNXUWc4U2ZfYVBoVWxjN1Zjeko2WDd1Q3ZsVjg?oc=5,,
,POTENTIAL NEWS,Future/Rumor,CarTrade confirms acquisition talks with CarDekho parent - The Economic Times,Positive,0.0,Source: The Economic Times | Link: https://news.google.com/rss/articles/CBMiwgFBVV95cUxPeWllN21OMUtTeXZ2N2R4czI3TVA1RHhqWW9JN2lZUDRjUjYtZnByOXM2WjV4a3RWQXU4UmtXZlNmNXVqQlBkS2JfSnNYSHBaNFNPRjkxa0ZzeERBNm81a1NIMkF3cnFMS0dGakxCU0RnNWJOZkstTmxxcEZFQkQ5NEFhdUhzaFdpQzdYdUpxWExjT3pSOUlmN1Q2TzF2VzNoSXlQbE9ZcTRYSlBpcVUyTE01Ql9nSGVtYnFfMEptY25ud9IBxwFBVV95cUxPT2loak1OeU1iR0tGLU5WWFpXZnU3b2dNT3RJcnZGbU9fb0l6V29GUHZ6N3BjUmJ6QVlSZWU2UDMwaEpDVDRvOTBkRjBNbWxvTFBfWFpkNFVOOE5fbUdDN0ZZc0gzOUU1ZUl4U0pxOW5zVVFJNkl3WlVlQ0M4SVgwNTZRejRGMUM2bXdXNHBwYWtJbVcxZjRDeU1DYmdQX25yeEZNQVVsWTFESmtZT1hWWE5oMi1teDh6RzB1NXU5RjFDSklSbS1V?oc=5,,
,POTENTIAL NEWS,Future/Rumor,"Ceigall India Emerges Lowest Bidder for ₹1,700 Crore Solar-BESS Project in MP - India Infoline",Positive,1700.0,Source: India Infoline | Link: https://news.google.com/rss/articles/CBMivAFBVV95cUxNVUtpeGF5cGpDSklIb3otN1A3OUNINzFqbEEwSi1wQ3ZwVmZZNE9YMEViT3I4LW10UFFLeUstSlRSeVVEVHZhQktwOHN6NV93czhBMFcxdnVRWm5kV0V5NjVhd0VlUXVtWlQybTB4UTZQdHdaY3RWVm1EMXF1MjRUajI2ek5fM1FIYmZva3l3bG90X2kwMmg1Vzh5b2xVSkRLRnFoQnBWeXd1dndVOXRZWTA4M042elZfZHhDcA?oc=5,,
,POTENTIAL NEWS,Future/Rumor,"After 'good' trials, roads min junks L1 bidding mode - Times of India",Positive,0.0,Source: Times of India | Link: https://news.google.com/rss/articles/CBMiuAFBVV95cUxOYU1MSzgxQktkLVc4dDltTG9uRF92YU9CRHFtOElHTThiSnZwYXJwSlRlemdtMkpqa3BZVW5xNHFNMFpMcXA3N1hyTDJNQ2RtNVJMME41X01XNmVCM3FjVzFVVmpNaGF5SUw0VGQ3cGJNZmkwRXlRbjI2TTZQU0VsRkJYbTlWV0lGNEpxVURIbTRuSWdxN0Z6MmFWTC1lMEdfT0JKdUFxcld1WGdzQUJQcnFKaUNVaU9y0gG-AUFVX3lxTFBvcG93a0QtTGNsZFk3SHRIU1puSi1mUDkxa2UtTHpoaUdUdGh5UjBndmZsR3RxeVRBZEVma0MzVEhkb3h4S0ZFbVFkMHFUTHAyeWYtUHNNU25HMlNzLV9KbXZVOVFJTkp5dFlqSUkySk9iWlVfQnViOWp3b3VUc0lYNGtJdkxnXzQ1UmxwSENxYkRWSmI5SjVFT1B2Z2ZDZy1KdjkxX29YZFE2R2pDcEdYNEROaUhiUzNaclY5REE?oc=5,,
,POTENTIAL NEWS,Future/Rumor,Ceigall India shares surge over 5% after arm emerges as lowest (L1) bidder Indore-Ujjain highway project - Upstox,Positive,0.0,Source: Upstox | Link: https://news.google.com/rss/articles/CBMi8gFBVV95cUxNN2NsMU53a3JSZk5YVzFRbXF1NHJKX3dpTDYyZ0pmX0lwUFVzQzdTWVl2dFYxMHN3eHBrUGhGRkdYbEdRc2dtZ2owcGFqNE1CQkxxME1LNDBQVFZBRk9uQnljNWNjUHM4c0tjcUlWbC1KY0ZRajB2RDJxbkkyQ25ZUDlqMnV4ZEYxY0oxblM0QTdoUkdZeHdvS2RDcEJUSmp1SEIwMVM4X3pvcUY4Q2Z1ODlEZ3AyU21SQnFHU3o2ZVMzUmlCd0piU0ViWHR6Sno1WllSUG1ReTNhWUVpTVVKb1QtZUhkcnVxbXZzdW1QejZrZw?oc=5,,
,POTENTIAL NEWS,Future/Rumor,ceigall india emerges as l1 bidder for rs 58 5 cr project - Capital Market,Positive,5.0,Source: Capital Market | Link: https://news.google.com/rss/articles/CBMivAFBVV95cUxOMUo3VS1TZF9ucEJjbXhPZkVYa0I0aVhPdFlIbGRUbkpaajRnZ0NZQnlkdmxiU2RTWERXQmZuaW9CdUdMT0QxZUI2OTZTVmw0SG9pM2VFZHhkTE4wVFRZWnVqMTQwSWdvUk1xVXZEbVVmUC16RVZHWHJPY0JUSi03ZW0yTlNYSUlyZjFCNzFjR2FnR2ZZVW9RNjRWaGw3Ym1VZ08zZE9kTFhlckhiWUt2bU0yTHdZdHNXOVpGQw?oc=5,,
,POTENTIAL NEWS,Future/Rumor,PNC Infratech emerges lowest bidder for ₹297-Crore project - India Infoline,Positive,0.0,Source: India Infoline | Link: https://news.google.com/rss/articles/CBMipAFBVV95cUxPcXl2d1lFUC1pdS1kYmdWSV9tbmFvNnNDTXVaZ1lWUTYybm9LOXlrTDN6bkRRT1pXZEptZ3gwU09nZXVNQXdFRkN3V2F1UVQyQnZvakZaRExpNUc3QVg2NzdYZXR3bDZ5VFgwakRwR0s1ZDFfb0RXWmdfTVRpVUtXblBaWjgza3c1VUVDZGktSjJ3cXVMOWVhc2VIWDN3aWhuTFc1OQ?oc=5,,
,POTENTIAL NEWS,Future/Rumor,"Rs 17,096 crore order book: Civil construction company emerges as lowest bidder (L1) for Development of Lal Bahadur Shastri International Airport - Dalal Street Investment Journal",Positive,17096.0,Source: Dalal Street Investment Journal | Link: https://news.google.com/rss/articles/CBMiogJBVV95cUxQZGFlZm5JamxZajc4ME0wa29JU2d4bnVKbFFmV045ZEtDYk9SOVFMWnFFMGItbWxiVjhUMTVYS2xUXzdDR25qR1hkRHhTY081ZmY5anFXUVowSmYtamV2UUlsLVdHNFZma21SbWZTMUdsNGszbDRRcDdHVDZudmY1TmgxdFlNVzNpM0lsUk9DakxrX2ZPYk9CNnJVQVp0S2JuRV9WdUxpdEFWSW1TMlVSYkJtSHBXRFZLejVUTFd3aW4zelo1US1qaGVXODdNQ0ZFbGREVHQ4bkRKYUdGU3hVbDVYUXc4cVhxSHVRTUVVdG1Eek4xS1dFX2twUmExNEtQTk9mdElYMmlWTGlpU0xCMEwxUUZhYVJwZFhmR0JHb0lGUQ?oc=5,,
,POTENTIAL NEWS,Future/Rumor,Smallcap defence stock rise on emerging lowest bidder for PSU orders - Moneycontrol,Positive,0.0,Source: Moneycontrol | Link: https://news.google.com/rss/articles/CBMizgFBVV95cUxOZV9EVGdGcy1uWHJIRk1IVllrSUJURUF0WlRNQmxzSTd2aXNTZ2YxbU9LNU1uT19WZkI4all5ZGU1SkV6UG5jZjg3b0dYVDFlMU03dkZqQVNydDh5NXNmeG9DczZzelNQeV9oZVR1VDF4T0xlZENCMk0wTzZmdVBqM1RaMHZHZUJZOTQ4ak9uQXdDV2IzUkdSN21nZUhKWWhYcnM1Unl6M3ZOZXNfVVpEUjdhOERwRzBpTVp6NHBrd2ozNEJtOFo5UlhJQmcyd9IB0wFBVV95cUxQRVQ5ZDBhTHhVcUktbGllWmJMX3JPbzAtYjlrem52bGNiVXRtbVA4cXhlRnlVOVJVX2dubEh0c1hmSkpBWHJaeUU3M0IxWVV0X2ZfTnVDRnBzckVvT1BGc01KMjhMRjg0aWFocmtJRGs5QmR4SUlrdmVIc05Yb1NQRmRVWHlZX2RsVkdVTG12NkljazhBM295T051SXhIai1uUlI3RTlQX1U4bmVwLVlaRXhhRHNYT3ZyTnBNeF9zVnB1Wkx5UWFSN1M4RlN0OUhtUWlJ?oc=5,,
,POTENTIAL NEWS,Future/Rumor,Brahmaputra Infra jumps on emerging lowest bidder for Jammu project - Business Standard,Positive,0.0,Source: Business Standard | Link: https://news.google.com/rss/articles/CBMi4wFBVV95cUxPR0FaakFVdXpXOGNEQWc3bm9aRE9renNqb25aa3hRWWFOZUluWUhRQW5GUEFSZWo0bXBQS1hYVVRYXzhFLV9NY0l4c0NkYUZUVHNfMGJmcGFSVnp2NElpLWVkRzl5dS1CTEJSajdDUG9mTXpMaW1tMl9sZzhTLWl2OUN4bWE1OFRPVW83LWdwUzRNVU1hMXFYYTFRcUF6ckN0Z2lScVk0NVJPc2dJNkxrLUJEN1c0OHFyNW53dEd2MVBBYkE0UFZJOXZ3Mms5T1BxeTlLY3Q0YUU1WEFWYkhodi1LNNIB6AFBVV95cUxOUmhIUzY2OS1JNlMwdmJ0MmZTbWFIOU1WZ2ZLVTJvQlZnQy1PVEUwYU1sTEJ5UmRlS1J5b0tYSDdiQVVQTHFrNU5kT0ZJcVJCZk9FdU1fUlNCRmUwOG1VSm03RnJwWlg2SE0wMW1Kd2xNeE90TUFiWERqcjduX25SOVlrNm1IT21LdWRNR1hOVC1heUdVYTd4TFFQeWxrU19vTWRZQW9taWZ5RTk0Mzh2bENVaHFIU0R3THJNNVVpSnFCSllnb1VSaUd5TkpkMVo2REg3Vk5fc0tYYWZUcXZCeW5rMjBsZnFY?oc=5,,
,POTENTIAL NEWS,Future/Rumor,Rail Vikas Nigam to be in focus on Tuesday as company emerges as lowest bidder for ₹145-crore Southern Railway project - Mint,Positive,0.0,Source: Mint | Link: https://news.google.com/rss/articles/CBMimgJBVV95cUxPOEQ1M2pMbW5ULWdjdXNMS1o1LXgxQjJzWkhGa2ptejJyUzVPVnVkZ1VQVVQyOFZuczJMTkt2ekRxdUNhMnVfUVNSNWZ5Tjd5TzE1WlRNZUtGT1ZSRFp2WG1QLWozVW93YnBFMVVsUG5WR2k1SmJ0c1E5dkloOXpUX2ExUHJaWHo2NVYzX0lTcVk4MVJUemRoQ1lvZkFoeXh4OTRDOVRENjBiclVDVldveUdlNE1Oaml4dld6M040TEpzNU83bUFGaTRWSkVPbm1yT0RyUklPS0NIMGVrTzNqZnhSQnVSZk4zZkhrbHhTLTZySnFWNlpqY2x1Z01EZjlXeEZKLVA1ZkZtd2d4RUpaaXJxU3dzakhYOXfSAZ8CQVVfeXFMTkRwU3k4UExpQWRyN3RLb1c0a1BWRV9vX1gyMlhwWlJmZnlDUzlJUHM5NlcyRXVGQjdCQk1ZbjF4NVhHc3NVU2ZRV2w5M0g3Z3doNS1lTzRzam1BS3NSdUxqUlpuSkVWcng4UGIwYTNYb00xaTJNTHh0WWFuVC11VnJHYUlRZGtzOFg4elRSdFVOVE9CcUJ0bFo1N2pBOXhhSVFEcVNqU1Q2bDlpUF8xOUJYZktFbV9WRzFkbWVMZkVrMXNUelJlQ1hnY0NwQjBmTFpPSnFFNC1GbnlBZS1ranZCUDNBVzNQci1KOHlXZTdLbjI2azlnbGc1ZTFlczdvWWRIVnN6bURNN2NQdk1oQ0M1OW5fZEwtWW9fdWlzd28?oc=5,,
,POTENTIAL NEWS,Future/Rumor,"RVNL emerges as the lowest bidder for IRCON contract, second order win within five days - CNBC TV18",Positive,0.0,Source: CNBC TV18 | Link: https://news.google.com/rss/articles/CBMizwFBVV95cUxNaHBqTWc5cFZvVC04NHdqekRvUXVVSE5WSGEyREFVUlFRSVEtSEhkTHNIbzZMZzlKaGQ4TjB6TFN3cld4TjhTY3hBQkRWRjdXMUNwbUkxZXBweEhObmlheGM0dHliR1JEeDVYeWlqX2p0WG9zdUxya3B1MllwQWhJMjlLdWx6Yjdtb1AxWTFBc1ltc3NGSTNreHZNc1BwZEJuejdjV1dLT3h5MVRFbllueWxhazRJLUxMMTdpbHJYUDRlakxNNS1XcWEwVWR2ZEHSAdQBQVVfeXFMTV93dlhnV0t6dnVPNVN3M01YaXRiZ2x3RE0zcExSTk5fRWV0ckZENkswdnBpX3Q0MG16YjB2bGNudGZxcDRfeWdhVjZkVW5nSEFyQUdxS0JIQ1dRR242SW1QWTJkaEJlV1RsN3VuOXRVMnUxV2FRcWxTQkZSVkxzU3FSLUI1SF9BcW9WOTBsclFVbUg1RUFUV1VaQTNVOHktWllnRnd2dzRPUk1KemlxTlp1OXhiWTZ0VjJlRjdqMTBaYkhTSWJPYndtdXRqZE9iXzZoOWQ?oc=5,,
,RAILTEL,Official Filing,Appointment,Neutral,0.0,"Appointment Railtel Corporation Of India Limited has informed the Exchange regarding Appointment of Mrs Madulika Pathak as PED Finance of the company w.e.f. January 13, 2026.",,
,HAVELLS,Official Filing,Analysts/Institutional Investor Meet/Con. Call Updates,Neutral,0.0,Analysts/Institutional Investor Meet/Con. Call Updates Havells India Limited has informed the Exchange about Schedule of meet,,
,JUSTDIAL,Official Filing,Investor Presentation,Neutral,0.0,Investor Presentation Just Dial Limited has informed the Exchange about Investor Presentation,,
,LLOYDSENT,Official Filing,Suspension of Trading,Neutral,0.0,"Suspension of Trading Members of the Exchange are hereby informed that the trading in the partly paid-up equity shares (Series: E1, ISIN: IN9080I01015) of Lloyds Enterprises Limited shall be suspended w.e.f. January 16, 2026 (i.e., closing hours of trading on January 14, 2026) on account of first and final call money.",,
,ETERNAL,Official Filing,News Verification,Neutral,0.0,"News Verification The Exchange has sought clarification from ETERNAL LIMITED with respect to recent news item captioned Swiggy, Eternal shares off day's high as reports say Blinkit removes 10-minute delivery deadline.  The response from the Company is attached.",,
,ICICIGI,Official Filing,ESOP/ESOS/ESPS,Neutral,0.0,ESOP/ESOS/ESPS ICICI Lombard General Insurance Company Limited has informed the Exchange regarding Allotment of 24132  Shares.,,
,PROZONER,Official Filing,Shareholders meeting,Neutral,0.0,"Shareholders meeting Prozone Realty Limited has informed the Exchange regarding Notice of Postal Ballot dated 12th January, 2026.",,
,ADANIPOWER,Official Filing,Credit Rating,Neutral,0.0,Credit Rating Adani Power Limited has informed the Exchange about Credit Rating,,
,TCS,Official Filing,Copy of Newspaper Publication,Neutral,0.0,Copy of Newspaper Publication Tata Consultancy Services Limited has informed the Exchange about Copy of Newspaper Publication,,
,SANDUMA,Official Filing,Change in Management,Neutral,0.0,Change in Management Sandur Manganese & Iron Ores Limited has informed the Exchange about change in position of Chief Risk Officer of the Company,,
,NITCO,Official Filing,Resignation,Neutral,0.0,"Resignation Nitco Limited has informed the Exchange regarding Resignation of  Mr. Sitanshu Satapathy as Chief Financial Officer of the company w.e.f. January 13, 2026.",,
,IVP,Official Filing,Frauds/Default by employees,Negative,0.0,Frauds/Default by employees IVP Limited has informed the Exchange about Frauds/Default by an employee,,
,SATIN,Official Filing,Allotment of Securities,Neutral,0.0,"Allotment of Securities Satin Creditcare Network Limited has informed the Exchange regarding allotment of 80000 securities pursuant to Non Convertible Securities at its meeting held on January 13, 2026",,
,BAGFILMS,Official Filing,Issue of Securities,Neutral,0.0,Issue of Securities B.A.G Films and Media Limited has informed the Exchange about issue of Securities,,
,DSKULKARNI,Official Filing,Clarification - Financial Results,Neutral,0.0,"Clarification - Financial Results The Exchange has sought clarification from DS Kulkarni Developers Limited for the quarter ended 30-Sep-2025 with respect to Regulation 33 of the SEBI (Listing Obligations and Disclosure Requirements) Regulations, 2015. On basis of above the Company is required to clarify the following:  The response of the Company is awaited.",,
,HITECHGEAR,Official Filing,Cessation,Neutral,0.0,"Cessation The Hi-Tech Gears Limited has informed the Exchange regarding Cessation of Mr Kapil Rajora as Chief Financial Officer of the company w.e.f. January 13, 2026.",,
,RESPONIND,Official Filing,Demise,Neutral,0.0,"Demise Responsive Industries Limited has informed the Exchange regarding Demise of Ms , Non- Executive Independent Director of the company on December 21, 2025.",,
,NLCINDIA,Official Filing,Record Date,Neutral,0.0,Record Date NLC India Limited has informed the Exchange that Record date for the purpose of Interim Dividend for FY 2025 - 26 is 20-Jan-2026.,,
,MONEYBOXX,Official Filing,Preferential issue,Neutral,0.0,Preferential issue Moneyboxx Finance Limited has informed the Exchange about Preferential issue,,
,DREDGECORP,Official Filing,Statement of deviation(s) or variation(s) under Reg. 32,Neutral,0.0,Statement of deviation(s) or variation(s) under Reg. 32 Dredging Corporation of India Limited has informed the Exchange about statement of deviation(s) or variation(s) under Reg. 32,,
,MTNL,Official Filing,Change in Director(s),Neutral,0.0,Change in Director(s) Mahanagar Telephone Nigam Limited has informed the Exchange regarding Change in Director(s) of the company.,,
,HAPPYFORGE,Official Filing,Memorandum of Understanding/Agreements,Neutral,0.0,Memorandum of Understanding/Agreements Happy Forgings Limited has informed the Exchange about signing of lease agreement for land for setting up solar power plant,,
,HEUBACHIND,Official Filing,Name and Symbol Change,Neutral,0.0,"Name and Symbol Change HEUBACHIND: Members of the Exchange are hereby informed that the name of Heubach Colorants India Limited shall be changed to Sudarshan Colorants India Limited and symbol be changed to SUDARCOLOR w.e.f. January 20, 2026.",,
,BANSALWIRE,Official Filing,Trading Window,Neutral,0.0,"Trading Window Bansal Wire Industries Limited has informed the Exchange regarding the Trading Window closure pursuant to SEBI (Prohibition of Insider Trading) Regulations, 2015",,
,MEGASOFT,Official Filing,Name Change,Neutral,0.0,Name Change Megasoft Limited has informed the Exchange that the name has been changed from Megasoft Limited to Sigma Advanced Systems Limited.,,
,URBANCO,Official Filing,Incorporation,Neutral,0.0,Incorporation Urban Company Limited has informed the Exchange about Incorporation of Urban Essentials General Trading L.L.C a wholly owned subsidiary of Urban Home Experts Pte Limited,,
,ARIHANTSUP,Official Filing,Structural Digital Database,Neutral,0.0,"Structural Digital Database SDD Compliance Certificate for quarter ended December 31, 2025",,
,VIDYAWIRES,Official Filing,Postponement of commercial production/operations,Neutral,0.0,Postponement of commercial production/operations Vidya Wires Limited has informed the Exchange about Postponement of commercial production/operations,,
,MAHABANK,Official Filing,Dividend,Neutral,0.0,"Dividend Bank of Maharashtra has informed the Exchange that Board of Directors at its meeting held on January 13, 2026, declared Interim Dividend of Rs. 1.00 per equity share.",,
,VINEETLAB,Official Filing,Committee Meeting Updates,Neutral,0.0,"Committee Meeting Updates The Rights Issue Committee of the Board of Directors in its meeting held on January 13, 2026, has decided to extend the ""Last date for On Market Renunciation"" and the ""Issue Closing date"" for the benefit of the Investors. We are hereby submitting the revised dates.",,
,KAKATCEM,Official Filing,Loss of Share Certificates,Neutral,0.0,Loss of Share Certificates Kakatiya Cement Sugar & Industries Limited has informed the Exchange about Loss of Share Certificates,,
,THERMAX,Official Filing,Credit Rating- New,Neutral,0.0,Credit Rating- New Thermax Limited has informed the Exchange about Credit Rating- New,,
,NAVNETEDUL,Official Filing,Scheme of Arrangement,Neutral,0.0,Scheme of Arrangement Navneet Education Limited has informed the Exchange about Scheme of Arrangement,,
,M&MFIN,Official Filing,Credit Rating- Others,Neutral,0.0,Credit Rating- Others Mahindra & Mahindra Financial Services Limited has informed the Exchange about Reaffirmation of Credit Ratings,,
,GRANULES,Official Filing,Corrigendum,Neutral,0.0,"Corrigendum Granules India Limited has informed the Exchange regarding Corrigendum to Notice of Extra Ordinary General Meeting to be held on January 22, 2026",,
,ANANDRATHI,Official Filing,Address Change,Neutral,0.0,Address Change Anand Rathi Wealth Limited has informed the Exchange regarding change in Registered Office address of the company.,,
,TARC,Official Filing,Granting/withdrawal/surrender/cancellation/suspension of key licenses/ regulatory approvals,Neutral,0.0,Granting/withdrawal/surrender/cancellation/suspension of key licenses/ regulatory approvals TARC Limited has informed the Exchange about Granting of licenses/ regulatory approvals,,
,APTUS,Official Filing,Amendment to AOA/MOA,Neutral,0.0,Amendment to AOA/MOA Aptus Value Housing Finance India Limited has informed the Exchange regarding the Amendment to AOA/MOA of the company.,,
,COALINDIA,Official Filing,Rumour Verification - Regulation 30(11),Neutral,0.0,Rumour Verification - Regulation 30(11) Coal India Limited has informed the Exchange about Rumour Verification - Regulation 30(11),,
,KRN,Official Filing,Agreements,Neutral,0.0,"Agreements KRN Heat Exchanger and Refrigeration Limited has informed the Exchange about 1. Approved the Modification/Amendment in the loan agreement dated 15th April, 2023executed with KRN HVAC Products Private Limited ( KRN HVAC ) a wholly ownedsubsidiary Company of the Company. (Annexure I)2. Approved the execution of loan agreement dated 12th January, 2026 with ThermotechResearch Laboratory Private Limited ( TRL ) a wholly owned subsidiary Company of theCompany to grant an unsecured loan of R",,
,INDLMETER,Official Filing,Integrated Filing- Governance,Neutral,0.0,Integrated Filing- Governance Non- Applicability of corporate governance for financial year 2025-2026.,,
,METROBRAND,Official Filing,Options to purchase securities,Neutral,0.0,Options to purchase securities Metro Brands Limited has informed the Exchange about Options to purchase securities,,
,PREMIERPOL,Official Filing,Resignation of Independent director,Neutral,0.0,Resignation of Independent director PREMIER POLYFILM LIMITED has informed the Exchange about Resignation of Independent director.,,
,TEMBO,Official Filing,Change in Company Secretary/Compliance Officer,Neutral,0.0,Change in Company Secretary/Compliance Officer Tembo Global Industries Limited has informed the Exchange about Change in Company Secretary/Compliance Officer,,
,CCL,Official Filing,Giving guarantees/indemnity/ becoming a surety for third party,Neutral,0.0,Giving guarantees/indemnity/ becoming a surety for third party CCL Products (India) Limited has informed the Exchange about Giving guarantees/indemnity/ becoming a surety for third party,,
,GHCLTEXTIL,Official Filing,Credit Rating- Revision,Neutral,0.0,Credit Rating- Revision Ghcl Textiles Limited has informed the Exchange about Credit Rating- Revision,,
,GFSTEELS,Official Filing,Change in Auditors,Neutral,0.0,Change in Auditors Grand Foundry Limited has informed the Exchange regarding Change in Auditors of the company.,,
,NBCC,Official Filing,Commencement of commercial production/operations,Neutral,0.0,Commencement of commercial production/operations NBCC (India) Limited has informed the Exchange about Commencement of commercial production/operations,,
,PDSL,Official Filing,Sale or disposal,Neutral,0.0,Sale or disposal PDS Limited has informed the Exchange about Sale or disposal,,
,SILLYMONKS,Official Filing,Open Offer,Neutral,0.0,Open Offer Mark Corporate Advisors Private  ltd  has submitted to  the Exchange a copy of the letterof offer the company.,,
,UGROCAP,Official Filing,Amalgamation/Merger,Neutral,0.0,Amalgamation/Merger Ugro Capital Limited has informed the Exchange about Amalgamation/Merger,,
,PAISALO,Official Filing,Utilisation of Funds,Neutral,0.0,Utilisation of Funds Paisalo Digital Limited has informed the Exchange about Utilisation of Funds,,
,TARIL,Official Filing,Monitoring Agency Report,Neutral,0.0,"Monitoring Agency Report Monitoring Agency Report for the quarter ended 31st December, 2025",,
,EUROTEXIND,Official Filing,Quarterly Compliance Report on Corporate governance - within 21 days from the end of the quarter,Neutral,0.0,Quarterly Compliance Report on Corporate governance - within 21 days from the end of the quarter Eurotex Industries and Exports Limited has informed regarding Non Applicability of the Compliance Report on Corporate Governance for the Quarter ended December 2025,,
,ACL,Official Filing,Offer for sale,Neutral,0.0,"Offer for sale Sagar Cements Limited has informed the Exchange about an announcement with respect to offer for sale through Stock Exchange Mechanism for sale upto 75,00,000 Equity shares of face value of INR 10/- each of Andhra Cements Limited. Date and time of the opening of the offer for Non-Retail Investors: January 09, 2026 at 9:15 a.m.; Date and time of the closing of the offer for Non-Retail Investors: January 09, 2026 at 3:30 p.m.; Date and time of the opening of the offer for Retail Inve",,
,DELTACORP,Official Filing,Closure of operations,Neutral,0.0,"Closure of operations Disclosure under Regulation 30 of SEBI (Listing Obligations and Disclosure Requirements) Regulations, 2015",,
,CHOLAFIN,Official Filing,Conversion,Neutral,0.0,Conversion Cholamandalam Investment and Finance Company Limited has informed the Exchange about Conversion,,
,CYBERMEDIA,Official Filing,Rights Issue,Neutral,0.0,"Rights Issue Cyber Media (India) Limited has informed the Exchange that Board of Directors at its meeting held on January 08, 2026, has decided to issue equity shares on rights basis in the ratio of 5162479 : 5162479, i.e 5162479 Equity Shares for every 5162479 Equity Shares held. Issue Price is 1580 per share.",,
,ANGELONE,Official Filing,Monthly Business Updates,Neutral,0.0,Monthly Business Updates Angel One Limited has informed the Exchange regarding Monthly Business Updates for the month of December 2025 and Q3 FY 26,,
,ASIANHOTNR,Official Filing,Defaults on Payment of Interest/Principal,Neutral,0.0,"Defaults on Payment of Interest/Principal Disclosure of defaults on payment of interest/repayment of principal amount on loans from banks/financial institutions as on December 31, 2025 attached",,
,KPIL,Official Filing,Diversification/Disinvestment,Neutral,0.0,Diversification/Disinvestment Kalpataru Projects International Limited has informed the Exchange about Diversification/Disinvestment,,
,CEATLTD,Official Filing,Issue of Duplicate Share Certificate,Neutral,0.0,Issue of Duplicate Share Certificate CEAT Limited has informed the Exchange about Issue of Duplicate Share Certificate(s),,
,GFSTEELS,Official Filing,Resignation of Statutory Auditor,Neutral,0.0,Resignation of Statutory Auditor GRAND FOUNDRY LIMITED has informed the Exchange about Resignation of Statutory Auditor,,
,JPASSOCIAT,Official Filing,Delay/default in the payment of fines/penalties/dues etc. to authority,Neutral,0.0,Delay/default in the payment of fines/penalties/dues etc. to authority Jaiprakash Associates Limited has informed the Exchange about Delay/default in the payment of fines/penalties/dues etc. to authority-Quarter ended December 2025,,
,MAITHANALL,Official Filing,Others,Neutral,0.0,Others Maithan Alloys Limited has informed the Exchange about acquisition of Equity Shares through Stock Exchange.,,
,UBL,Official Filing,Product launch,Neutral,0.0,Product launch United Breweries Limited has informed the Exchange about Product launch,,
,DHARAN,Official Filing,One time settlement,Neutral,0.0,One time settlement DHARAN INFRA-EPC LIMITED has informed the Exchange about One time settlement,,
,FAIRCHEMOR,Official Filing,Buyback,Neutral,0.0,Buyback Fairchem Organics Limited has informed the Exchange about Buyback,,
,SABTNL,Official Filing,Stock split,Neutral,0.0,"Stock split Sri Adhikari Brothers Television Network Limited has informed the Exchange that the Board of Directors at its meeting held on January 06, 2026, has considered and approved subdivision of 25373056 equity shares of 10 each into 253730560 equity shares of 1 each.",,
,RAILTEL,Contract/Order News,,Positive,,,General Updates,NSE Corporate Filings
